id,name,firstName,lastName,fullName,abbreviation,permanentNumber,gender,dateOfBirth,nationalityCountryId
1,Adderly Fong,Adderly,Fong,Adderly Fong Cheun-yue,FON,,MALE,1990-03-02,100
2,Adolf Brudes,Adolf,Brudes,Adolf Brudes von Breslau,BRU,,MALE,1899-10-15,84
3,Adolfo Schwelm Cruz,Adolfo,Schwelm Cruz,Adolfo Julio Carlos Schwelm Cruz,SCH,,MALE,1923-06-28,11
4,Adrián Campos,Adrián,Campos,Adrián Campos Suñer,CAM,,MALE,1960-06-17,210
5,Adrian Sutil,Adrian,Sutil,Adrian Sutil,SUT,,MALE,1983-01-11,84
6,Aguri Suzuki,Aguri,Suzuki,Aguri Suzuki,SUZ,,MALE,1960-09-08,113
7,Al Herman,Al,Herman,Al Herman,HER,,MALE,1926-03-15,237
8,Al Keller,Al,Keller,Al Keller,KEL,,MALE,1920-04-11,237
9,Al Pease,Al,Pease,Al Pease,PEA,,MALE,1921-10-15,41
10,Alain de Changy,Alain,De Changy,Alain Carpentier de Changy,DEC,,MALE,1922-02-05,22
11,Alain Prost,Alain,Prost,Alain Marie Pascal Prost,PRO,,MALE,1955-02-24,77
12,Alan Brown,Alan,Brown,Alan Everest Brown,BRO,,MALE,1919-11-20,235
13,Alan Jones,Alan,Jones,Alan Stanley Jones,JON,,MALE,1946-11-02,14
14,Alan Rees,Alan,Rees,Alan Rees,REE,,MALE,1938-01-12,235
15,Alan Rollinson,Alan,Rollinson,Alan Rollinson,ROL,,MALE,1943-05-15,235
16,Alan Stacey,Alan,Stacey,Alan Stacey,STA,,MALE,1933-08-29,235
17,Albert Scherrer,Albert,Scherrer,Albert Scherrer,SCH,,MALE,1908-02-28,217
18,Alberto Ascari,Alberto,Ascari,Alberto Ascari,ASC,,MALE,1918-07-13,110
19,Alberto Colombo,Alberto,Colombo,Alberto Colombo,COL,,MALE,1946-02-23,110
20,Alberto Crespo,Alberto,Crespo,Alberto Augusto Crespo,CRE,,MALE,1920-01-16,11
21,Alberto Rodriguez Larreta,Alberto,Rodriguez Larreta,Alberto Rodriguez Larreta,ROD,,MALE,1934-01-14,11
22,Alberto Uria,Alberto,Uria,Alberto Uria,URI,,MALE,1924-07-11,239
23,Aldo Gordini,Aldo,Gordini,Aldo Gordini,GOR,,MALE,1921-05-20,77
24,Alejandro de Tomaso,Alejandro,De Tomaso,Alejandro de Tomaso,DET,,MALE,1928-07-10,11
25,Alessandro Nannini,Alessandro,Nannini,Alessandro Nannini,NAN,,MALE,1959-07-07,110
26,Alessandro Pesenti-Rossi,Alessandro,Pesenti-Rossi,Alessandro Pesenti-Rossi,PES,,MALE,1942-08-31,110
27,Alex Caffi,Alex,Caffi,Alessandro Caffi,CAF,,MALE,1964-03-18,110
28,Álex Palou,Álex,Palou,Álex Palou Montalbo,PAL,,MALE,1997-04-01,210
29,Alex Ribeiro,Alex,Ribeiro,Alexandre Dias Ribeiro,RIB,,MALE,1948-11-07,32
30,Alex Soler-Roig,Alex,Soler-Roig,Alex Soler-Roig,SOL,,MALE,1932-10-29,210
31,Alex Yoong,Alex,Yoong,Alexander Charles Yoong Loong,YOO,,MALE,1976-07-20,134
32,Alex Zanardi,Alex,Zanardi,Alessandro Zanardi,ZAN,,MALE,1966-10-23,110
33,Alexander Albon,Alexander,Albon,Alexander Albon,ALB,23,MALE,1996-03-23,222
34,Alexander Rossi,Alexander,Rossi,Alexander Michael Rossi,RSI,53,MALE,1991-09-25,237
35,Alexander Wurz,Alexander,Wurz,Alexander Wurz,WUR,,MALE,1974-02-15,15
36,Alexandre Prémat,Alexandre,Prémat,Alexandre Prémat,PRE,,MALE,1982-04-05,77
37,Alfonso Celis Jr.,Alfonso,Celis Jr.,Alfonso Celis Enecoiz,CEL,,MALE,1996-09-18,143
38,Alfonso de Portago,Alfonso,De Portago,Alfonso Antonio Vicente Eduardo Angel Blas Francisco de Borja Cabeza de Vaca y Leighton,DEP,,MALE,1928-10-11,210
39,Alfonso Thiele,Alfonso,Thiele,Alfonso Thiele,THI,,MALE,1920-04-05,237
40,Alfredo Pián,Alfredo,Pián,Alfredo Pián,PIA,,MALE,1912-10-21,11
41,Allan McNish,Allan,McNish,Allan McNish,MCN,,MALE,1969-12-29,235
42,Allen Berg,Allen,Berg,Allen Bernard Berg,BER,,MALE,1961-08-01,41
43,André Guelfi,André,Guelfi,André Guelfi,GUE,,MALE,1919-05-06,77
44,André Lotterer,André,Lotterer,André Lotterer,LOT,,MALE,1981-11-19,84
45,André Milhoux,André,Milhoux,André Milhoux,MIL,,MALE,1928-12-09,22
46,André Pilette,André,Pilette,André Pilette,PIL,,MALE,1918-10-06,22
47,André Simon,André,Simon,André Simon,SIM,,MALE,1920-01-05,77
48,André Testut,André,Testut,André Testut,TES,,MALE,1926-04-13,145
49,Andrea Chiesa,Andrea,Chiesa,Andrea Chiesa,CHI,,MALE,1964-05-06,217
50,Andrea de Adamich,Andrea,De Adamich,Andrea Lodovico de Adamich,DEA,,MALE,1941-10-03,110
51,Andrea de Cesaris,Andrea,De Cesaris,Andrea de Cesaris,DEC,,MALE,1959-05-31,110
52,Andrea Montermini,Andrea,Montermini,Andrea Montermini,MON,,MALE,1964-05-30,110
53,Andy Linden,Andy,Linden,Andy Linden,LIN,,MALE,1922-04-05,237
54,Andy Sutcliffe,Andy,Sutcliffe,Andy Sutcliffe,SUT,,MALE,1947-05-09,235
55,Anthony Davidson,Anthony,Davidson,Anthony Denis Davidson,DAV,,MALE,1979-04-18,235
56,Anthony Joseph Foyt,Anthony Joseph,Foyt,Anthony Joseph Foyt,FOY,,MALE,1935-01-16,237
57,Antonio Creus,Antonio,Creus,Antonio Creus Rubín de Celis,CRE,,MALE,1924-10-28,210
58,Antonio Giovinazzi,Antonio,Giovinazzi,Antonio Giovinazzi,GIO,99,MALE,1993-12-14,110
59,Antônio Pizzonia,Antônio,Pizzonia,Antônio Reginaldo Pizzonia Júnior,PIZ,,MALE,1980-09-11,32
60,Archie Scott Brown,Archie,Scott Brown,William Archibald Scott Brown,SCO,,MALE,1927-05-13,235
61,Art Bisch,Art,Bisch,Art Bisch,BIS,,MALE,1926-11-10,237
62,Art Cross,Art,Cross,Art Cross,CRO,,MALE,1918-01-24,237
63,Artem Markelov,Artem,Markelov,Artem Valeryevich Markelov,MAR,,MALE,1994-09-10,183
64,Arthur Legat,Arthur,Legat,Arthur Legat,LEG,,MALE,1898-11-01,22
65,Arthur Owen,Arthur,Owen,Arthur Owen,OWE,,MALE,1915-03-23,235
66,Arturo Merzario,Arturo,Merzario,Arturo Francesco Merzario,MER,,MALE,1943-03-11,110
67,Asdrúbal Fontes Bayardo,Asdrúbal,Fontes Bayardo,Asdrúbal Esteban Fontes Bayardo,FON,,MALE,1922-12-26,239
68,Ayrton Senna,Ayrton,Senna,Ayrton Senna da Silva,SEN,,MALE,1960-03-21,32
69,Ayumu Iwasa,Ayumu,Iwasa,Ayumu Iwasa,IWA,,MALE,2001-09-22,113
70,Bas Leinders,Bas,Leinders,Bas Leinders,LEI,,MALE,1975-07-16,22
71,Basil van Rooyen,Basil,Van Rooyen,Basil van Rooyen,VAN,,MALE,1939-04-19,206
72,Bayliss Levrett,Bayliss,Levrett,Bayliss Levrett,LEV,,MALE,1914-02-14,237
73,Ben Pon,Ben,Pon,Bernardus Marinus Pon,PON,,MALE,1936-12-09,155
74,Beppe Gabbiani,Beppe,Gabbiani,Giuseppe Gabbiani,GAB,,MALE,1957-01-02,110
75,Bernard Collomb,Bernard,Collomb,Bernard Marie François Alexandre Collomb-Clerc,COL,,MALE,1930-10-07,77
76,Bernard de Dryver,Bernard,De Dryver,Bernard de Dryver,DED,,MALE,1952-09-19,22
77,Bernd Schneider,Bernd,Schneider,Bernd Schneider,SCH,,MALE,1964-07-20,84
78,Bernie Ecclestone,Bernie,Ecclestone,Bernard Charles Ecclestone,ECC,,MALE,1930-10-28,235
79,Bertil Roos,Bertil,Roos,Bertil Roos,ROO,,MALE,1943-10-12,216
80,Bertrand Gachot,Bertrand,Gachot,Bertrand Gachot,GAC,,MALE,1962-12-23,77
81,Bill Aston,Bill,Aston,William Aston,AST,,MALE,1900-03-29,235
82,Bill Brack,Bill,Brack,William Brack,BRA,,MALE,1935-12-26,41
83,Bill Cantrell,William,Cantrell,William Cantrell,CAN,,MALE,1908-01-31,237
84,Bill Cheesbourg,Bill,Cheesbourg,William Bernard Cheesbourg,CHE,,MALE,1927-06-12,237
85,Bill Holland,Bill,Holland,Bill Holland,HOL,,MALE,1907-12-18,237
86,Bill Homeier,Bill,Homeier,Bill Homeier,HOM,,MALE,1918-08-31,237
87,Bill Mackey,Bill,Mackey,Bill Mackey,MAC,,MALE,1927-12-15,237
88,Bill Moss,Bill,Moss,Bill Moss,MOS,,MALE,1933-09-04,235
89,Bill Schindler,Bill,Schindler,Bill Schindler,SCH,,MALE,1909-03-06,237
90,Bill Vukovich,Bill,Vukovich,William John Vukovich,VUK,,MALE,1918-12-13,237
91,Bill Whitehouse,Bill,Whitehouse,Bill Whitehouse,WHI,,MALE,1909-04-01,235
92,Billy Garrett,Billy,Garrett,Billy Garrett,GAR,,MALE,1933-04-24,237
93,Birabongse Bhanudej,Birabongse,Bhanudej,Prince Birabongse Bhanudej Bhanubandh,BIR,,MALE,1914-07-15,222
94,Björn Wirdheim,Björn,Wirdheim,Björn Karl Michael Wirdheim,WIR,,MALE,1980-04-04,216
95,Bob Anderson,Bob,Anderson,Robert Hugh Fearon Anderson,AND,,MALE,1931-05-19,235
96,Bob Bondurant,Bob,Bondurant,Robert Bondurant,BON,,MALE,1933-04-27,237
97,Bob Christie,Bob,Christie,Bob Christie,CHR,,MALE,1924-04-04,237
98,Bob Drake,Bob,Drake,Bob Drake,DRA,,MALE,1919-12-14,237
99,Bob Evans,Bob,Evans,Robert Evans,EVA,,MALE,1947-06-11,235
100,Bob Gerard,Bob,Gerard,Frederick Roberts Gerard,GER,,MALE,1914-01-19,235
101,Bob Said,Bob,Said,Boris Said,SAI,,MALE,1932-05-05,237
102,Bob Scott,Bob,Scott,Bob Scott,SCO,,MALE,1928-10-04,237
103,Bob Sweikert,Bob,Sweikert,Robert Charles Sweikert,SWE,,MALE,1926-05-20,237
104,Bob Veith,Bob,Veith,Bob Veith,VEI,,MALE,1924-11-01,237
105,Bobby Ball,Bobby,Ball,Robert K. Ball,BAL,,MALE,1925-08-26,237
106,Bobby Grim,Bobby,Grim,Robert Grim,GRI,,MALE,1924-09-04,237
107,Bobby Rahal,Bobby,Rahal,Robert Woodward Rahal,RAH,,MALE,1953-01-10,237
108,Bobby Unser,Bobby,Unser,Robert William Unser,UNS,,MALE,1934-02-20,237
109,Boy Hayje,Boy,Hayje,Johan Hayje,HAY,,MALE,1949-05-03,155
110,Brausch Niemann,Brausch,Niemann,Ambraüsus Niemann,NIE,,MALE,1939-01-07,206
111,Brendon Hartley,Brendon,Hartley,Brendon Hartley,HAR,28,MALE,1989-11-10,157
112,Brett Lunger,Brett,Lunger,Robert Brett Lunger,LUN,,MALE,1945-11-14,237
113,Brian Gubby,Brian,Gubby,Brian Gubby,GUB,,MALE,1934-04-17,235
114,Brian Hart,Brian,Hart,Brian Hart,HAR,,MALE,1936-09-07,235
115,Brian Henton,Brian,Henton,Brian Henton,HEN,,MALE,1946-09-19,235
116,Brian McGuire,Brian,McGuire,Brian McGuire,MCG,,MALE,1945-12-13,14
117,Brian Naylor,Brian,Naylor,John Brian Naylor,NAY,,MALE,1923-03-24,235
118,Brian Redman,Brian,Redman,Brian Herman Thomas Redman,RED,,MALE,1937-03-09,235
119,Brian Shawe-Taylor,Brian,Shawe-Taylor,Brian Newton Shawe-Taylor,SHA,,MALE,1915-01-28,235
120,Bruce Halford,Bruce,Halford,Bruce Halford,HAL,,MALE,1931-05-18,235
121,Bruce Johnstone,Bruce,Johnstone,William Bruce Gordon Johnstone,JOH,,MALE,1937-01-30,206
122,Bruce Kessler,Bruce,Kessler,Bruce Kessler,KES,,MALE,1936-03-23,237
123,Bruce McLaren,Bruce,McLaren,Bruce Leslie McLaren,MCL,,MALE,1937-08-30,157
124,Bruno Giacomelli,Bruno,Giacomelli,Bruno Giacomelli,GIA,,MALE,1952-09-10,110
125,Bruno Senna,Bruno,Senna,Bruno Senna Lalli,SEN,,MALE,1983-10-15,32
126,Bud Tingelstad,Bud,Tingelstad,Bud Tingelstad,TIN,,MALE,1928-04-04,237
127,Cal Niday,Cal,Niday,Cal Niday,NID,,MALE,1914-04-29,237
128,Callum Ilott,Callum,Ilott,Callum Ilott,ILO,,MALE,1998-11-11,235
129,Carel Godin de Beaufort,Carel,Godin de Beaufort,Karel Pieter Antoni Jan Hubertus Godin de Beaufort,DEB,,MALE,1934-04-10,155
130,Carl Forberg,Carl,Forberg,Carl Forberg,FOR,,MALE,1911-03-04,237
131,Carl Scarborough,Carl,Scarborough,Carl Scarborough,SCA,,MALE,1914-07-03,237
132,Carlo Facetti,Carlo,Facetti,Carlo Giovanni Facetti,FAC,,MALE,1935-06-26,110
133,Carlo Franchi,Carlo,Franchi,Carlo Franchi,FRA,,MALE,1938-01-01,110
134,Carlos Menditéguy,Carlos,Menditéguy,Carlos Alberto Menditéguy,MEN,,MALE,1914-08-10,11
135,Carlos Pace,Carlos,Pace,José Carlos Pace,PAC,,MALE,1944-10-06,32
136,Carlos Reutemann,Carlos,Reutemann,Carlos Alberto Reutemann,REU,,MALE,1942-04-12,11
137,Carlos Sainz Jr.,Carlos,Sainz Jr.,Carlos Sainz Vázquez de Castro,SAI,55,MALE,1994-09-01,210
138,Carroll Shelby,Carroll,Shelby,Carroll Hall Shelby,SHE,,MALE,1923-01-11,237
139,Cecil Green,Cecil,Green,Cecil Green,GRE,,MALE,1919-09-30,237
140,Cesare Perdisa,Cesare,Perdisa,Cesare Perdisa,PER,,MALE,1932-10-21,110
141,Chanoch Nissany,Chanoch,Nissany,Chanoch Nissany,NIS,,MALE,1963-07-29,109
142,Charles de Tornaco,Charles,De Tornaco,Charles de Tornaco,DET,,MALE,1927-06-07,22
143,Charles Leclerc,Charles,Leclerc,Charles Leclerc,LEC,16,MALE,1997-10-16,145
144,Charles Pic,Charles,Pic,Charles Pic,PIC,,MALE,1990-02-15,77
145,Charles Pozzi,Charles,Pozzi,Charles Pozzi,POZ,,MALE,1909-08-27,77
146,Chet Miller,Chet,Miller,Chet Miller,MIL,,MALE,1902-07-19,237
147,Chico Landi,Chico,Landi,Francisco Sacco Land,LAN,,MALE,1907-07-14,32
148,Chico Serra,Chico,Serra,Francisco Serra,SER,,MALE,1957-02-03,32
149,Chris Amon,Chris,Amon,Christopher Arthur Amon,AMO,,MALE,1943-07-20,157
150,Chris Bristow,Chris,Bristow,Christopher William Bristow,BRI,,MALE,1937-12-02,235
151,Chris Craft,Chris,Craft,Christopher Craft,CRA,,MALE,1939-11-17,235
152,Chris Irwin,Chris,Irwin,Chris Irwin,IRW,,MALE,1942-06-27,235
153,Chris Lawrence,Chris,Lawrence,Christopher J. Lawrence,LAW,,MALE,1933-07-27,235
154,Christian Danner,Christian,Danner,Christian Danner,DAN,,MALE,1958-04-04,84
155,Christian Fittipaldi,Christian,Fittipaldi,Christian Fittipaldi,FIT,,MALE,1971-01-18,32
156,Christian Goethals,Christian,Goethals,Christian Roger Xavier Marie Joseph Ghislain Goethals,GOE,,MALE,1928-08-04,22
157,Christian Klien,Christian,Klien,Christian Klien,KLI,,MALE,1983-02-07,15
158,Christijan Albers,Christijan,Albers,Christijan Albers,ALB,,MALE,1979-04-16,155
159,Christophe Bouchut,Christophe,Bouchut,Christophe Bouchut,BOU,,MALE,1966-09-24,77
160,Chuck Arnold,Chuck,Arnold,Chuck Arnold,ARN,,MALE,1926-05-30,237
161,Chuck Daigh,Chuck,Daigh,Chuck Daigh,DAI,,MALE,1923-11-29,237
162,Chuck Stevenson,Chuck,Stevenson,Charles Stevenson,STE,,MALE,1919-10-15,237
163,Chuck Weyant,Chuck,Weyant,Chuck Weyant,WEY,,MALE,1923-04-03,237
164,Claudio Langes,Claudio,Langes,Claudio Langes,LAN,,MALE,1961-08-04,110
165,Clay Regazzoni,Clay,Regazzoni,Gianclaudio Giuseppe Regazzoni,REG,,MALE,1939-09-05,217
166,Clemar Bucci,Clemar,Bucci,Clemar Bucci,BUC,,MALE,1920-09-04,11
167,Clemente Biondetti,Clemente,Biondetti,Clemente Biondetti,BIO,,MALE,1898-10-18,110
168,Cliff Allison,Cliff,Allison,Henry Clifford Allison,ALL,,MALE,1932-02-08,235
169,Cliff Griffith,Cliff,Griffith,Cliff Griffith,GRI,,MALE,1916-02-06,237
170,Clive Puzey,Clive,Puzey,Clive Puzey,PUZ,,MALE,1941-07-11,249
171,Colin Chapman,Colin,Chapman,Anthony Colin Bruce Chapman,CHA,,MALE,1928-05-19,235
172,Colin Davis,Colin,Davis,Colin Charles Houghton Davis,DAV,,MALE,1933-07-29,235
173,Conny Andersson,Conny,Andersson,Conny Andersson,AND,,MALE,1939-12-28,216
174,Consalvo Sanesi,Consalvo,Sanesi,Consalvo Sanesi,SAN,,MALE,1911-03-28,110
175,Corrado Fabi,Corrado,Fabi,Corrado Fabi,FAB,,MALE,1961-04-12,110
176,Cristiano da Matta,Cristiano,Da Matta,Cristiano Monteiro da Matta,DAM,,MALE,1973-09-19,32
177,Cuth Harrison,Cuth,Harrison,Thomas Cuthbert Harrison,HAR,,MALE,1906-07-06,235
178,Damien Magee,Damien,Magee,Damien Magee,MAG,,MALE,1945-11-17,235
179,Damon Hill,Damon,Hill,Damon Graham Devereux Hill,HIL,,MALE,1960-09-17,235
180,Dan Gurney,Dan,Gurney,Daniel Sexton Gurney,GUR,,MALE,1931-04-13,237
181,Dani Clos,Dani,Clos,Daniel Clos Álvarez,CLO,,MALE,1988-10-23,210
182,Daniel Juncadella,Daniel,Juncadella,Daniel Juncadella Pérez-Sala,JUN,,MALE,1991-05-07,210
183,Daniel Ricciardo,Daniel,Ricciardo,Daniel Ricciardo,RIC,3,MALE,1989-07-01,14
184,Daniil Kvyat,Daniil,Kvyat,Daniil Vyacheslavovich Kvyat,KVY,26,MALE,1994-04-26,183
185,Danny Kladis,Danny,Kladis,Danny Kladis,KLA,,MALE,1917-02-10,237
186,Danny Ongais,Danny,Ongais,Danny Ongais,ONG,,MALE,1942-05-21,237
187,Danny Sullivan,Danny,Sullivan,Daniel John Sullivan III,SUL,,MALE,1950-03-09,237
188,Dave Charlton,Dave,Charlton,David William Charlton,CHA,,MALE,1936-10-27,206
189,Dave Morgan,Dave,Morgan,Dave Morgan,MOR,,MALE,1944-08-07,235
190,David Brabham,David,Brabham,David Brabham,BRA,,MALE,1965-09-05,14
191,David Coulthard,David,Coulthard,David Marshall Coulthard,COU,,MALE,1971-03-27,235
192,David Hampshire,David,Hampshire,David Alan Hampshire,HAM,,MALE,1917-12-29,235
193,David Hobbs,David,Hobbs,David Wishart Hobbs,HOB,,MALE,1939-06-09,235
194,David Kennedy,David,Kennedy,David Kennedy,KEN,,MALE,1953-01-15,107
195,David Murray,David,Murray,David Murray,MUR,,MALE,1909-12-28,235
196,David Piper,David,Piper,David Piper,PIP,,MALE,1930-12-02,235
197,David Prophet,David,Prophet,David Prophet,PRO,,MALE,1937-10-09,235
198,David Purley,David,Purley,David Charles Purley,PUR,,MALE,1945-01-26,235
199,David Walker,David,Walker,David Walker,WAL,,MALE,1941-06-10,14
200,Davide Valsecchi,Davide,Valsecchi,Davide Valsecchi,VAL,,MALE,1987-01-24,110
201,Dempsey Wilson,Dempsey,Wilson,Dempsey Cothrin Wilson,WIL,,MALE,1927-03-11,237
202,Dennis Poore,Dennis,Poore,Roger Dennistoun Poore,POO,,MALE,1916-08-19,235
203,Dennis Taylor,Dennis,Taylor,Dennis Taylor,TAY,,MALE,1921-06-12,235
204,Denny Hulme,Denny,Hulme,Denis Clive Hulme,HUL,,MALE,1936-06-18,157
205,Derek Bell,Derek,Bell,Derek Reginald Bell,BEL,,MALE,1941-10-31,235
206,Derek Daly,Derek,Daly,Derek Daly,DAL,,MALE,1953-03-11,107
207,Derek Warwick,Derek,Warwick,Derek Stanley Arthur Warwick,WAR,,MALE,1954-08-27,235
208,Desiré Wilson,Desiré,Wilson,Desiré Randall Wilson,WIL,,FEMALE,1953-11-26,206
209,Desmond Titterington,Desmond,Titterington,Desmond Titterington,TIT,,MALE,1928-05-01,235
210,Dick Gibson,Dick,Gibson,Richard Gibson,GIB,,MALE,1918-04-16,235
211,Dick Rathmann,Dick,Rathmann,James Rathmann,RAT,,MALE,1926-01-06,237
212,Didier Pironi,Didier,Pironi,Didier Joseph Louis Pironi,PIR,,MALE,1952-03-26,77
213,Dieter Quester,Dieter,Quester,Dieter Quester,QUE,,MALE,1939-05-30,15
214,Divina Galica,Divina,Galica,Divina Mary Galica,GAL,,FEMALE,1944-08-13,235
215,Domenico Schiattarella,Domenico,Schiattarella,Domenico Schiattarella,SCH,,MALE,1967-11-17,110
216,Don Beauman,Don,Beauman,Donald Bentley Beauman,BEA,,MALE,1928-07-26,235
217,Don Branson,Don,Branson,Donald L. Branson,BRA,,MALE,1920-06-02,237
218,Don Edmunds,Don,Edmunds,Don Edmunds,EDM,,MALE,1930-09-23,237
219,Don Freeland,Don,Freeland,Don Freeland,FRE,,MALE,1925-03-25,237
220,Dorino Serafini,Dorino,Serafini,Teodoro Serafini,SER,,MALE,1909-07-22,110
221,Doug Serrurier,Doug,Serrurier,Louis Douglas Serrurier,SER,,MALE,1920-12-09,206
222,Dries van der Lof,Dries,Van der Lof,Andre van der Lof,VAN,,MALE,1919-08-23,155
223,Duane Carter,Duane,Carter,Duane Carter,CAR,,MALE,1913-05-05,237
224,Duke Dinsmore,Duke,Dinsmore,J. Carlyle Dinsmore,DIN,,MALE,1913-04-10,237
225,Duke Nalon,Dennis,Nalon,Dennis Nalon,NAL,,MALE,1913-03-02,237
226,Duncan Hamilton,Duncan,Hamilton,James Duncan Hamilton,HAM,,MALE,1920-04-30,235
227,Ed Elisian,Ed,Elisian,Ed Elisian,ELI,,MALE,1926-12-09,237
228,Eddie Cheever,Eddie,Cheever,Edward McKay Cheever Jr.,CHE,,MALE,1958-01-10,237
229,Eddie Irvine,Eddie,Irvine,Edmund Irvine Jr.,IRV,,MALE,1965-11-10,235
230,Eddie Johnson,Eddie,Johnson,Eddie Johnson,JOH,,MALE,1919-02-10,237
231,Eddie Keizan,Eddie,Keizan,Eddie Keizan,KEI,,MALE,1944-09-12,206
232,Eddie Russo,Eddie,Russo,Eddie Russo,RUS,,MALE,1923-11-19,237
233,Eddie Sachs,Eddie,Sachs,"Edward Julius Sachs, Jr.",SAC,,MALE,1927-05-28,237
234,Edgar Barth,Edgar,Barth,Edgar Barth,BAR,,MALE,1917-01-26,84
235,Eitel Cantoni,Eitel,Cantoni,Eitel Danilo Cantoni,CAN,,MALE,1906-10-04,239
236,Élie Bayol,Élie,Bayol,Élie Marcel Bayol,BAY,,MALE,1914-02-28,77
237,Elio de Angelis,Elio,De Angelis,Elio de Angelis,DEA,,MALE,1958-03-26,110
238,Eliseo Salazar,Eliseo,Salazar,Eliseo Salazar Valenzuela,SAL,,MALE,1954-11-14,46
239,Elmer George,Elmer,George,Elmer George,GEO,,MALE,1928-07-05,237
240,Emanuele Naspetti,Emanuele,Naspetti,Emanuele Naspetti,NAS,,MALE,1968-02-24,110
241,Emanuele Pirro,Emanuele,Pirro,Emanuele Pirro,PIR,,MALE,1962-01-12,110
242,Emerson Fittipaldi,Emerson,Fittipaldi,Emerson Fittipaldi,FIT,,MALE,1946-12-12,32
243,Emilio de Villota,Emilio,De Villota,Emilio de Villota Ruíz,DEV,,MALE,1946-07-26,210
244,Emilio Zapico,Emilio,Zapico,Emilio Rodríguez Zapico,ZAP,,MALE,1944-05-27,210
245,Emmanuel de Graffenried,Emmanuel,De Graffenried,Emmanuel de Graffenried,DEG,,MALE,1914-05-18,217
246,Enrico Bertaggia,Enrico,Bertaggia,Enrico Bertaggia,BER,,MALE,1964-09-19,110
247,Enrico Toccacelo,Enrico,Toccacelo,Enrico Toccacelo,TOC,,MALE,1978-12-14,110
248,Enrique Bernoldi,Enrique,Bernoldi,Enrique Antônio Langue e Silvério de Bernoldi,BER,,MALE,1978-10-19,32
249,Eppie Wietzes,Egbert,Wietzes,Egbert Wietzes,WIE,,MALE,1938-05-28,41
250,Éric Bernard,Éric,Bernard,Éric Bernard,BER,,MALE,1964-08-24,77
251,Eric Brandon,Eric,Brandon,Eric Brandon,BRA,,MALE,1920-07-18,235
252,Eric Thompson,Eric,Thompson,Eric Thompson,THO,,MALE,1919-11-04,235
253,Eric van de Poele,Eric,Van de Poele,Eric van de Poele,VAN,,MALE,1961-09-30,22
254,Érik Comas,Érik,Comas,Érik Comas,COM,,MALE,1963-09-28,77
255,Ernesto Brambilla,Ernesto,Brambilla,Ernesto Brambilla,BRA,,MALE,1934-01-31,110
256,Ernesto Prinoth,Ernesto,Prinoth,Ernesto Prinoth,PRI,,MALE,1923-04-15,110
257,Ernesto Viso,Ernesto,Viso,Ernesto José Viso Lossada,VIS,,MALE,1985-03-19,243
258,Ernie McCoy,Ernie,McCoy,Ernie McCoy,MCC,,MALE,1921-02-19,237
259,Ernie Pieterse,Ernest,Pieterse,Ernest Pieterse,PIE,,MALE,1938-07-04,206
260,Ernst Klodwig,Ernst,Klodwig,Ernst Klodwig,KLO,,MALE,1903-05-23,84
261,Ernst Loof,Ernst,Loof,Ernst Loof,LOO,,MALE,1907-07-04,84
262,Erwin Bauer,Erwin,Bauer,Erwin Bauer,BAU,,MALE,1912-07-17,84
263,Esteban Gutiérrez,Esteban,Gutiérrez,Esteban Manuel Gutiérrez Gutiérrez,GUT,,MALE,1991-08-05,143
264,Esteban Ocon,Esteban,Ocon,Esteban Ocon,OCO,31,MALE,1996-09-17,77
265,Esteban Tuero,Esteban,Tuero,Esteban Tuero,TUE,,MALE,1978-04-22,11
266,Ettore Chimeri,Ettore,Chimeri,Ettore Muro Chimeri,CHI,,MALE,1921-06-04,243
267,Eugène Chaboud,Eugène,Chaboud,Marius Eugène Chaboud,CHA,,MALE,1907-04-12,77
268,Eugène Martin,Eugène,Martin,Eugène Martin,MAR,,MALE,1915-03-24,77
269,Eugenio Castellotti,Eugenio,Castellotti,Eugenio Castellotti,CAS,,MALE,1930-10-10,110
270,Fabio Leimer,Fabio,Leimer,Fabio Leimer,LEI,,MALE,1989-04-17,217
271,Fabrizio Barbazza,Fabrizio,Barbazza,Fabrizio Barbazza,BAR,,MALE,1963-04-02,110
272,Fairuz Fauzy,Fairuz,Fauzy,Mohamed Fairuz Fauzy,FAU,,MALE,1982-10-24,134
273,Felice Bonetto,Felice,Bonetto,Felice Bonetto,BON,,MALE,1903-06-09,110
274,Felipe Drugovich,Felipe,Drugovich,Felipe Drugovich Roncato,DRU,,MALE,2000-05-23,32
275,Felipe Massa,Felipe,Massa,Felipe Massa,MAS,19,MALE,1981-04-25,32
276,Felipe Nasr,Felipe,Nasr,Luiz Felipe de Oliveira Nasr,NAS,12,MALE,1992-08-21,32
277,Fernando Alonso,Fernando,Alonso,Fernando Alonso Díaz,ALO,14,MALE,1981-07-29,210
278,Franck Lagorce,Franck,Lagorce,Franck Lagorce,LAG,,MALE,1968-09-01,77
279,Franck Montagny,Franck,Montagny,Franck Montagny,MON,,MALE,1978-01-05,77
280,Franco Comotti,Franco,Comotti,Gianfranco Comotti,COM,,MALE,1906-07-24,110
281,Franco Forini,Franco,Forini,Franco Forini,FOR,,MALE,1958-09-22,217
282,Franco Rol,Franco,Rol,Franco Rol,ROL,,MALE,1908-06-05,110
283,François Cevert,François,Cevert,Albert François Cevert Goldenberg,CEV,,MALE,1944-02-25,77
284,François Hesnault,François,Hesnault,François Hesnault,HES,,MALE,1956-12-30,77
285,François Mazet,François,Mazet,François Mazet,MAZ,,MALE,1943-02-24,77
286,François Migault,François,Migault,François Migault,MIG,,MALE,1944-12-04,77
287,François Picard,François,Picard,François Picard,PIC,,MALE,1921-04-26,77
288,Frank Armi,Frank,Armi,Frank Armi,ARM,,MALE,1918-10-12,237
289,Frank Dochnal,Frank,Dochnal,Frank J. Dochnal,DOC,,MALE,1920-10-08,237
290,Frank Gardner,Frank,Gardner,Frank Gardner,GAR,,MALE,1931-10-01,14
291,Fred Agabashian,Fred,Agabashian,Levon Agabashian,AGA,,MALE,1913-08-21,237
292,Fred Gamble,Fred,Gamble,Fred K. Gamble,GAM,,MALE,1932-03-17,237
293,Fred Wacker,Fred,Wacker,Frederick G. Wacker Jr.,WAC,,MALE,1918-07-10,237
294,Frederik Vesti,Frederik,Vesti,Frederik Vesti Stamm,VES,,MALE,2002-01-13,60
295,Fritz d'Orey,Fritz,D'Orey,Frederico José Carlos Themudo d'Orey,D'O,,MALE,1938-03-25,32
296,Fritz Riess,Fritz,Riess,Fritz Riess,RIE,,MALE,1922-07-11,84
297,Gabriele Tarquini,Gabriele,Tarquini,Gabriele Tarquini,TAR,,MALE,1962-03-02,110
298,Gaetano Starrabba,Gaetano,Starrabba,Prince Gaetano Starrabba di Giardinelli,STA,,MALE,1932-12-03,110
299,Gary Brabham,Gary,Brabham,Gary Brabham,BRA,,MALE,1961-03-29,14
300,Gastón Mazzacane,Gastón,Mazzacane,Gastón Hugo Mazzacane,MAZ,,MALE,1975-05-08,11
301,Gene Force,Gene,Force,Gene Force,FOR,,MALE,1916-06-15,237
302,Gene Hartley,Gene,Hartley,Leslie Eugene Hartley,HAR,,MALE,1926-01-28,237
303,Geoff Lees,Geoffrey,Lees,Geoffrey Lees,LEE,,MALE,1951-05-01,235
304,Geoffrey Crossley,Geoffrey,Crossley,Geoffrey Crossley,CRO,,MALE,1921-05-11,235
305,George Abecassis,George,Abecassis,George Edgar Abecassis,ABE,,MALE,1913-03-21,235
306,George Amick,George,Amick,George R. Amick,AMI,,MALE,1924-10-24,237
307,George Connor,George,Connor,George Connor,CON,,MALE,1906-08-16,237
308,George Constantine,George,Constantine,George J. Constantine,CON,,MALE,1918-02-22,237
309,George Eaton,George,Eaton,George Ross Eaton,EAT,,MALE,1945-11-12,41
310,George Follmer,George,Follmer,George Follmer,FOL,,MALE,1934-01-27,237
311,George Fonder,George,Fonder,George Fonder,FON,,MALE,1917-06-22,237
312,George Russell,George,Russell,George Russell,RUS,63,MALE,1998-02-15,235
313,Georges Berger,Georges,Berger,Georges Berger,BER,,MALE,1918-09-14,22
314,Georges Grignard,Georges,Grignard,Auguste Georges Paul Grignard,GRI,,MALE,1905-07-25,77
315,Gérard Larrousse,Gérard,Larrousse,Gérard Larrousse,LAR,,MALE,1940-05-23,77
316,Gerhard Berger,Gerhard,Berger,Gerhard Berger,BER,,MALE,1959-08-27,15
317,Gerhard Mitter,Gerhard,Mitter,Gerhard Karl Mitter,MIT,,MALE,1935-08-30,84
318,Gerino Gerini,Gerino,Gerini,Gerino Gerini,GER,,MALE,1928-08-10,110
319,Gerry Ashmore,Gerry,Ashmore,Gerry Ashmore,ASH,,MALE,1936-07-25,235
320,Giacomo Russo,Giacomo,Russo,Giacomo Russo,RUS,,MALE,1937-10-23,110
321,Giancarlo Baghetti,Giancarlo,Baghetti,Giancarlo Baghetti,BAG,,MALE,1934-12-25,110
322,Giancarlo Fisichella,Giancarlo,Fisichella,Giancarlo Fisichella,FIS,,MALE,1973-01-14,110
323,Gianfranco Brancatelli,Gianfranco,Brancatelli,Gianfranco Brancatelli,BRA,,MALE,1950-01-18,110
324,Gianmaria Bruni,Gianmaria,Bruni,Gianmaria Bruni,BRU,,MALE,1981-05-30,110
325,Gianni Morbidelli,Gianni,Morbidelli,Gianni Morbidelli,MOR,,MALE,1968-01-13,110
326,Giedo van der Garde,Giedo,Van der Garde,Giedo Gijsbertus Gerrit van der Garde,VDG,,MALE,1985-04-25,155
327,Gijs van Lennep,Gijs,Van Lennep,Gijsbert van Lennep,VAN,,MALE,1942-03-16,155
328,Gilles Villeneuve,Gilles,Villeneuve,Joseph Gilles Henri Villeneuve,VIL,,MALE,1950-01-18,41
329,Gino Bianco,Gino,Bianco,Luigi Emilio Rodolfo Bertetti Bianco,BIA,,MALE,1916-07-22,32
330,Gino Munaron,Gino,Munaron,Gino Munaron,MUN,,MALE,1928-04-02,110
331,Giorgio Bassi,Giorgio,Bassi,Giorgio Bassi,BAS,,MALE,1934-01-20,110
332,Giorgio Francia,Giorgio,Francia,Giorgio Francia,FRA,,MALE,1947-11-08,110
333,Giorgio Mondini,Giorgio,Mondini,Giorgio Mondini,MOD,,MALE,1980-07-19,217
334,Giorgio Pantano,Giorgio,Pantano,Giorgio Pantano,PAN,,MALE,1979-02-04,110
335,Giorgio Scarlatti,Giorgio,Scarlatti,Giorgio Scarlatti,SCA,,MALE,1921-10-02,110
336,Giovanna Amati,Giovanna,Amati,Giovanna Amati,AMA,,FEMALE,1959-07-20,110
337,Giovanni de Riu,Giovanni,De Riu,Giovanni de Riu,DER,,MALE,1925-03-10,110
338,Giovanni Lavaggi,Giovanni,Lavaggi,Giovanni Lavaggi,LAV,,MALE,1958-02-18,110
339,Giulio Cabianca,Giulio,Cabianca,Giulio Cabianca,CAB,,MALE,1923-02-19,110
340,Graham Hill,Graham,Hill,Norman Graham Hill,HIL,,MALE,1929-02-15,235
341,Graham McRae,Graham,McRae,Graham McRae,MCR,,MALE,1940-03-05,157
342,Graham Whitehead,Graham,Whitehead,Anthony Graham Whitehead,WHI,,MALE,1922-04-15,235
343,Gregor Foitek,Gregor,Foitek,Gregor Foitek,FOI,,MALE,1965-03-27,217
344,Guanyu Zhou,Guanyu,Zhou,Guanyu Zhou,ZHO,24,MALE,1999-05-30,47
345,Gunnar Nilsson,Gunnar,Nilsson,Gunnar Nilsson,NIL,,MALE,1948-11-20,216
346,Günther Seiffert,Günther,Seiffert,Günther Seiffert,SEI,,MALE,1937-10-18,84
347,Gus Hutchison,Gus,Hutchison,Gus Hutchison,HUT,,MALE,1937-04-26,237
348,Guy Edwards,Guy,Edwards,Guy Richard Goronwy Edwards,EDW,,MALE,1942-12-30,235
349,Guy Ligier,Guy,Ligier,Guy Camille Ligier,LIG,,MALE,1930-07-12,77
350,Guy Mairesse,Guy,Mairesse,Guy Mairesse,MAI,,MALE,1910-08-10,77
351,Guy Tunmer,Guy,Tunmer,Percival Guy Tunmer,TUN,,MALE,1948-12-01,206
352,Hans Binder,Hans,Binder,Hans Binder,BIN,,MALE,1948-06-12,15
353,Hans Herrmann,Hans,Herrmann,Hans Herrmann,HER,,MALE,1928-02-23,84
354,Hans Heyer,Hans,Heyer,Hans Heyer,HEY,,MALE,1943-03-16,84
355,Hans-Joachim Stuck,Hans-Joachim,Stuck,Hans-Joachim Stuck,STU,,MALE,1951-01-01,84
356,Hans Klenk,Hans,Klenk,Hans Klenk,KLE,,MALE,1919-10-28,84
357,Hans Stuck,Hans,Stuck,Hans Stuck,STU,,MALE,1900-12-27,84
358,Hap Sharp,Hap,Sharp,James Sharp,SHA,,MALE,1928-01-01,237
359,Harald Ertl,Harald,Ertl,Harald Ertl,ERT,,MALE,1948-08-31,15
360,Harry Blanchard,Harry,Blanchard,Harry Cutler Blanchard,BLA,,MALE,1929-06-13,237
361,Harry Merkel,Harry,Merkel,Harry Erich Merkel,MER,,MALE,1918-01-10,84
362,Harry Schell,Harry,Schell,Henry O'Reilly Schell,SCH,,MALE,1921-06-29,237
363,Héctor Rebaque,Héctor,Rebaque,Héctor Alonso Rebaque,REB,,MALE,1956-02-05,143
364,Heikki Kovalainen,Heikki,Kovalainen,Heikki Johannes Kovalainen,KOV,,MALE,1981-10-19,76
365,Heini Walter,Heini,Walter,Heini Walter,WAL,,MALE,1927-07-28,217
366,Heinz-Harald Frentzen,Heinz-Harald,Frentzen,Heinz-Harald Frentzen,FRE,,MALE,1967-05-18,84
367,Heinz Schiller,Heinz,Schiller,Heinz Schiller,SCH,,MALE,1930-01-25,217
368,Helm Glöckler,Helm,Glöckler,Helm Glöckler,GLO,,MALE,1909-01-13,84
369,Helmut Marko,Helmut,Marko,Helmut Marko,MAR,,MALE,1943-04-27,15
370,Helmut Niedermayr,Helmut,Niedermayr,Helmut Niedermayr,NIE,,MALE,1915-11-29,84
371,Helmuth Koinigg,Helmuth,Koinigg,Helmuth Koinigg,KOI,,MALE,1948-11-03,15
372,Henri Louveau,Henri,Louveau,Henri Louveau,LOU,,MALE,1910-01-25,77
373,Henri Pescarolo,Henri,Pescarolo,Henri Jacques William Pescarolo,PES,,MALE,1942-09-25,77
374,Henry Banks,Henry,Banks,Henry Banks,BAN,,MALE,1913-06-14,237
375,Henry Taylor,Henry,Taylor,Henry Taylor,TAY,,MALE,1932-12-16,235
376,Herbert MacKay-Fraser,Herbert,MacKay-Fraser,Herbert MacKay-Fraser,MAC,,MALE,1927-06-23,237
377,Hermann Lang,Hermann,Lang,Hermann Lang,LAN,,MALE,1909-04-06,84
378,Hermano da Silva Ramos,Hermano,Da Silva Ramos,Hermano João da Silva Ramos,DAS,,MALE,1925-12-07,32
379,Hideki Noda,Hideki,Noda,Hideki Noda,NOD,,MALE,1969-03-07,113
380,Hiroshi Fushida,Hiroshi,Fushida,Hiroshi Fushida,FUS,,MALE,1946-03-10,113
381,Horace Gould,Horace,Gould,Horace Harry Twigg,GOU,,MALE,1921-09-20,235
382,Howden Ganley,Howden,Ganley,James Howden Ganley,GAN,,MALE,1941-12-24,157
383,Hubert Hahne,Hubert,Hahne,Hubert Hahne,HAH,,MALE,1935-03-28,84
384,Huub Rothengatter,Huub,Rothengatter,Hubertus Rothengatter,ROT,,MALE,1954-10-08,155
385,Ian Ashley,Ian,Ashley,Ian Hugh Gordon Ashley,ASH,,MALE,1947-10-26,235
386,Ian Burgess,Ian,Burgess,Ian Burgess,BUR,,MALE,1930-07-06,235
387,Ian Raby,Ian,Raby,Ian Ewart Raby,RAB,,MALE,1921-09-22,235
388,Ian Scheckter,Ian,Scheckter,Ian Scheckter,SCH,,MALE,1947-08-22,206
389,Ian Stewart,Ian,Stewart,Ian Macpherson M. Stewart,STE,,MALE,1929-07-15,235
390,Ignazio Giunti,Ignazio,Giunti,Ignazio Giunti,GIU,,MALE,1941-08-30,110
391,Ingo Hoffmann,Ingo,Hoffmann,Ingo Hoffmann,HOF,,MALE,1953-02-28,32
392,Innes Ireland,Innes,Ireland,Robert McGregor Innes Ireland,IRE,,MALE,1930-06-12,235
393,Isack Hadjar,Isack,Hadjar,Isack Alexandre Hadjar,HAD,,MALE,2004-09-28,77
394,Ivan Capelli,Ivan,Capelli,Ivan Franco Capelli,CAP,,MALE,1963-05-24,110
395,Ivor Bueb,Ivor,Bueb,Ivor Léon John Bueb,BUE,,MALE,1923-06-06,235
396,Jac Nellemann,Jac,Nellemann,Jacob Nellemann,NEL,,MALE,1944-04-19,60
397,Jack Aitken,Jack,Aitken,Jack Aitken,AIT,89,MALE,1995-09-23,235
398,Jack Brabham,Jack,Brabham,Sir John Arthur Brabham,BRA,,MALE,1926-04-02,14
399,Jack Doohan,Jack,Doohan,Jack Doohan,DOO,,MALE,2003-01-20,14
400,Jack Fairman,Jack,Fairman,Jack Fairman,FAI,,MALE,1913-03-15,235
401,Jack McGrath,Jack,McGrath,John James McGrath,MCG,,MALE,1919-10-08,237
402,Jack Turner,Jack,Turner,Jack Turner,TUR,,MALE,1920-02-12,237
403,Jackie Holmes,Jackie,Holmes,Jackie Holmes,HOL,,MALE,1920-09-04,237
404,Jackie Lewis,Jackie,Lewis,Jackie Lewis,LEW,,MALE,1936-11-01,235
405,Jackie Oliver,Jackie,Oliver,Keith Jack Oliver,OLI,,MALE,1942-08-14,235
406,Jackie Pretorius,Jackie,Pretorius,Jacobus Pretorius,PRE,,MALE,1934-11-22,206
407,Jackie Stewart,Jackie,Stewart,Sir John Young Stewart,STE,,MALE,1939-06-11,235
408,Jacky Ickx,Jacky,Ickx,Jacques Bernard Ickx,ICK,,MALE,1945-01-01,22
409,Jacques Laffite,Jacques,Laffite,Jacques-Henri Laffite,LAF,,MALE,1943-11-21,77
410,Jacques Pollet,Jacques,Pollet,Jacques Pollet,POL,,MALE,1922-07-02,77
411,Jacques Swaters,Jacques,Swaters,Jacques Swaters,SWA,,MALE,1926-10-30,22
412,"Jacques Villeneuve, Sr.",Jacques,"Villeneuve, Sr.",Jacques-Joseph Villeneuve,VIL,,MALE,1953-11-04,41
413,Jacques Villeneuve,Jacques,Villeneuve,Jacques Joseph Charles Villeneuve,VIL,,MALE,1971-04-09,41
414,Jaime Alguersuari,Jaime,Alguersuari,Jaime Víctor Alguersuari Escudero,ALG,,MALE,1990-03-23,210
415,Jake Dennis,Jake,Dennis,Jake Dennis,DEN,,MALE,1995-06-16,235
416,James Calado,James,Calado,James John Calado,CAL,,MALE,1989-06-13,235
417,James Hunt,James,Hunt,James Simon Wallis Hunt,HUN,,MALE,1947-08-29,235
418,Jan Charouz,Jan,Charouz,Jan Charouz,CHA,,MALE,1987-07-17,58
419,Jan Flinterman,Jan,Flinterman,Johannes Leonardus Flinterman,FLI,,MALE,1919-10-02,155
420,Jan Lammers,Jan,Lammers,Johannes Lammers,LAM,,MALE,1956-06-02,155
421,Jan Magnussen,Jan,Magnussen,Jan Ellegaard Magnussen,MAG,,MALE,1973-07-04,60
422,Jarno Trulli,Jarno,Trulli,Jarno Trulli,TRU,,MALE,1974-07-13,110
423,Jay Chamberlain,Jay,Chamberlain,Jay Chamberlain,CHA,,MALE,1925-12-29,237
424,Jean Alesi,Jean,Alesi,Giovanni Alesi,ALE,,MALE,1964-06-11,77
425,Jean Behra,Jean,Behra,Jean Marie Behra,BEH,,MALE,1921-02-16,77
426,Jean-Christophe Boullion,Jean-Christophe,Boullion,Jean-Christophe Boullion,BOU,,MALE,1969-12-27,77
427,Jean-Claude Rudaz,Jean-Claude,Rudaz,Jean-Claude Rudaz,RUD,,MALE,1942-07-23,217
428,Jean-Denis Délétraz,Jean-Denis,Délétraz,Jean-Denis Délétraz,DEL,,MALE,1963-10-01,217
429,Jean-Éric Vergne,Jean-Éric,Vergne,Jean-Éric Vergne,VER,25,MALE,1990-04-25,77
430,Jean-Louis Schlesser,Jean-Louis,Schlesser,Jean-Louis Schlesser,SCH,,MALE,1948-09-12,77
431,Jean Lucas,Jean,Lucas,Jean Lucas,LUC,,MALE,1917-04-25,77
432,Jean Lucienbonnet,Jean,Lucienbonnet,Lucien Jean Bonnet,LUC,,MALE,1923-01-07,77
433,Jean-Marc Gounon,Jean-Marc,Gounon,Jean-Marc Gounon,GOU,,MALE,1963-01-01,77
434,Jean-Pierre Beltoise,Jean-Pierre,Beltoise,Jean-Pierre Maurice Georges Beltoise,BEL,,MALE,1937-04-26,77
435,Jean-Pierre Jabouille,Jean-Pierre,Jabouille,Jean-Pierre Alain Jabouille,JAB,,MALE,1942-10-01,77
436,Jean-Pierre Jarier,Jean-Pierre,Jarier,Jean-Pierre Jacques Jarier,JAR,,MALE,1946-07-10,77
437,Jenson Button,Jenson,Button,Jenson Alexander Lyons Button,BUT,,MALE,1980-01-19,235
438,Jérôme d'Ambrosio,Jérôme,D'Ambrosio,Jérôme d'Ambrosio,DAM,,MALE,1985-12-27,22
439,Jerry Hoyt,Jerry,Hoyt,Gerald F. Hoyt,HOY,,MALE,1929-01-29,237
440,Jerry Unser Jr.,Jerry,Unser Jr.,Jeremy Michael Unser Jr.,UNS,,MALE,1932-11-15,237
441,Jesús Iglesias,Jesús,Iglesias,Jesús Ricardo Iglesias,IGL,,MALE,1922-02-22,11
442,Jim Clark,Jim,Clark,"James Clark, Jr.",CLA,,MALE,1936-03-04,235
443,Jim Crawford,Jim,Crawford,Jim Crawford,CRA,,MALE,1948-02-13,235
444,Jim Hall,Jim,Hall,Jim Hall,HAL,,MALE,1935-07-23,237
445,Jim Hurtubise,Jim,Hurtubise,James Hurtubise,HUR,,MALE,1932-12-05,237
446,Jim McWithey,Jim,McWithey,Jim McWithey,MCW,,MALE,1927-07-04,237
447,Jim Rathmann,Jim,Rathmann,Royal Richard Rathmann,RAT,,MALE,1928-07-16,237
448,Jim Rigsby,Jim,Rigsby,Jim Rigsby,RIG,,MALE,1923-06-06,237
449,Jimmy Bryan,Jimmy,Bryan,James Ernest Bryan,BRY,,MALE,1926-01-28,237
450,Jimmy Davies,Jimmy,Davies,James Richard Davies,DAV,,MALE,1929-08-08,237
451,Jimmy Daywalt,Jimmy,Daywalt,Jimmy Daywalt,DAY,,MALE,1924-08-28,237
452,Jimmy Jackson,Jimmy,Jackson,Jimmy Jackson,JAC,,MALE,1910-07-25,237
453,Jimmy Reece,Jimmy,Reece,Jimmy Reece,REE,,MALE,1929-11-17,237
454,Jimmy Stewart,Jimmy,Stewart,James Robert Stewart,STE,,MALE,1931-03-06,235
455,JJ Lehto,JJ,Lehto,Jyrki Juhani Järvilehto,JAR,,MALE,1966-01-31,76
456,Jo Bonnier,Jo,Bonnier,Joakim Bonnier,BON,,MALE,1930-01-31,216
457,Jo Gartner,Jo,Gartner,Josef Gartner,GAR,,MALE,1954-01-24,15
458,Jo Schlesser,Jo,Schlesser,Joseph Schlesser,SCH,,MALE,1928-05-18,77
459,Jo Siffert,Jo,Siffert,Joseph Siffert,SIF,,MALE,1936-07-07,217
460,Jo Vonlanthen,Jo,Vonlanthen,Joseph Vonlanthen,VON,,MALE,1942-05-31,217
461,Joachim Winkelhock,Joachim,Winkelhock,Joachim Winkelhock,WIN,,MALE,1960-10-24,84
462,Jochen Mass,Jochen,Mass,Jochen Richard Mass,MAS,,MALE,1946-09-30,84
463,Jochen Rindt,Jochen,Rindt,Karl Jochen Rindt,RIN,,MALE,1942-04-18,15
464,Jody Scheckter,Jody,Scheckter,Jody David Scheckter,SCH,,MALE,1950-01-29,206
465,Joe Fry,Joe,Fry,Joseph Gibson Fry,FRY,,MALE,1915-10-26,235
466,Joe James,Joe,James,Joe James,JAM,,MALE,1925-05-23,237
467,Joe Kelly,Joe,Kelly,Joe Kelly,KEL,,MALE,1913-03-13,107
468,John Barber,John,Barber,John David Barber,BAR,,MALE,1929-07-22,235
469,John Campbell-Jones,John,Campbell-Jones,Michael John Churchill Campbell-Jones,CAM,,MALE,1930-01-21,235
470,John Cannon,John,Cannon,John Cannon,CAN,,MALE,1933-06-21,41
471,John Cordts,John,Cordts,John Cordts,COR,,MALE,1935-07-23,41
472,John Fitch,John,Fitch,John Cooper Fitch,FIT,,MALE,1917-08-04,237
473,John James,John,James,John James,JAM,,MALE,1914-05-10,235
474,John Love,John,Love,John Maxwell Lineham Love,LOV,,MALE,1924-12-07,249
475,John Miles,John,Miles,John Miles,MIL,,MALE,1943-06-14,235
476,John Nicholson,John,Nicholson,John Nicholson,NIC,,MALE,1941-10-06,157
477,John Rhodes,John,Rhodes,John Rhodes,RHO,,MALE,1927-08-18,235
478,John Riseley-Prichard,John,Riseley-Prichard,John Henry Augustin Riseley-Prichard,RIS,,MALE,1924-01-17,235
479,John Surtees,John,Surtees,John Surtees,SUR,,MALE,1934-02-11,235
480,John Taylor,John,Taylor,John Malcolm Taylor,TAY,,MALE,1933-03-23,235
481,John Watson,John,Watson,John Marshall Watson,WAT,,MALE,1946-05-04,235
482,Johnnie Parsons,Johnnie,Parsons,Johnnie Woodrow Parsons,PAR,,MALE,1918-07-04,237
483,Johnnie Tolan,Johnnie,Tolan,Johnnie Tolan,TOL,,MALE,1917-10-22,237
484,Johnny Boyd,Johnny,Boyd,Johnny Boyd,BOY,,MALE,1926-08-19,237
485,Johnny Cecotto,Johnny,Cecotto,Alberto Cecotto,CEC,,MALE,1956-01-25,243
486,Johnny Claes,Johnny,Claes,Octave John Claes,CLA,,MALE,1916-08-11,22
487,Johnny Dumfries,Johnny,Dumfries,John Colum Crichton-Stuart,DUM,,MALE,1958-04-26,235
488,Johnny Herbert,Johnny,Herbert,John Paul Herbert,HER,,MALE,1964-06-25,235
489,Johnny Mantz,Johnny,Mantz,Johnny Mantz,MAN,,MALE,1918-09-18,237
490,Johnny McDowell,Johnny,McDowell,Johnny McDowell,MCD,,MALE,1915-01-29,237
491,Johnny Servoz-Gavin,Johnny,Servoz-Gavin,Georges-Francis Servoz-Gavin,SER,,MALE,1942-01-18,77
492,Johnny Thomson,Johnny,Thomson,Johnny Thomson,THO,,MALE,1922-04-09,237
493,Joie Chitwood,Joie,Chitwood,George Rice Chitwood,CHI,,MALE,1912-04-14,237
494,Jolyon Palmer,Jolyon,Palmer,Jolyon Carlyle Palmer,PAL,30,MALE,1991-01-20,235
495,Jonathan Palmer,Jonathan,Palmer,Jonathan Charles Palmer,PAL,,MALE,1956-11-07,235
496,Jonathan Williams,Jonathan,Williams,Jonathan Williams,WIL,,MALE,1942-10-26,235
497,Jordan King,Jordan,King,Jordan King,KIN,,MALE,1994-02-26,235
498,Jorge Daponte,Jorge,Daponte,Jorge Alberto Daponte,DAP,,MALE,1923-06-05,11
499,Jos Verstappen,Jos,Verstappen,Johannes Franciscus Verstappen,VER,,MALE,1972-03-04,155
500,José Dolhem,José,Dolhem,Louis José Lucien Dolhem,DOL,,MALE,1944-04-26,77
501,José Froilán González,José Froilán,González,José Froilán González,GON,,MALE,1922-10-05,11
502,Josef Peters,Josef,Peters,Josef Peters,PET,,MALE,1914-09-16,84
503,Juan Jover,Juan,Jover,Juan Jover Sañes,JOV,,MALE,1903-11-23,210
504,Juan Manuel Bordeu,Juan Manuel,Bordeu,Juan Manuel Bordeu,BOR,,MALE,1934-01-28,11
505,Juan Manuel Fangio,Juan Manuel,Fangio,Juan Manuel Fangio Déramo,FAN,,MALE,1911-06-24,11
506,Juan Pablo Montoya,Juan Pablo,Montoya,Juan Pablo Montoya Roldán,MOY,,MALE,1975-09-20,50
507,Jud Larson,Jud,Larson,Eugene Wesley Larson,LAR,,MALE,1923-01-21,237
508,Jules Bianchi,Jules,Bianchi,Jules Lucien André Bianchi,BIA,17,MALE,1989-08-03,77
509,Julian Bailey,Julian,Bailey,Julian Bailey,BAI,,MALE,1961-10-09,235
510,Jüri Vips,Jüri,Vips,Jüri Vips,VIP,,MALE,2000-08-10,70
511,Justin Wilson,Justin,Wilson,Justin Boyd Wilson,WIL,,MALE,1978-07-31,235
512,Kamui Kobayashi,Kamui,Kobayashi,Kamui Kobayashi,KOB,,MALE,1986-09-13,113
513,Karl-Günther Bechem,Karl-Günther,Bechem,Karl-Günther Bechem,BEC,,MALE,1921-12-21,84
514,Karl Kling,Karl,Kling,Karl Kling,KLI,,MALE,1910-09-16,84
515,Karl Wendlinger,Karl,Wendlinger,Karl Wendlinger,WEN,,MALE,1968-12-20,15
516,Karun Chandhok,Karun,Chandhok,Karun Chandhok,CHD,,MALE,1984-01-19,103
517,Kazuki Nakajima,Kazuki,Nakajima,Kazuki Nakajima,NAK,,MALE,1985-01-11,113
518,Kazuyoshi Hoshino,Kazuyoshi,Hoshino,Kazuyoshi Hoshino,HOS,,MALE,1947-07-01,113
519,Keith Andrews,Keith,Andrews,Keith Andrews,AND,,MALE,1920-06-15,237
520,Keith Greene,Keith,Greene,Keith Greene,GRE,,MALE,1938-01-05,235
521,Keke Rosberg,Keke,Rosberg,Keijo Erik Rosberg,ROS,,MALE,1948-12-06,76
522,Ken Downing,Ken,Downing,Kenneth Henry Downing,DOW,,MALE,1917-12-05,235
523,Ken Kavanagh,Ken,Kavanagh,Thomas Kenrick Kavanagh,KAV,,MALE,1923-12-12,14
524,Ken Richardson,Ken,Richardson,William Kenneth Richardson,RIC,,MALE,1911-08-21,235
525,Ken Wharton,Ken,Wharton,Ken Wharton,WHA,,MALE,1916-03-21,235
526,Kenneth McAlpine,Kenneth,McAlpine,Kenneth McAlpine,MCA,,MALE,1920-09-21,235
527,Kenny Acheson,Kenny,Acheson,Kenneth Henry Acheson,ACH,,MALE,1957-11-27,235
528,Kevin Cogan,Kevin,Cogan,John Cogan,COG,,MALE,1956-03-31,237
529,Kevin Magnussen,Kevin,Magnussen,Kevin Jan Magnussen,MAG,20,MALE,1992-10-05,60
530,Kimi Räikkönen,Kimi,Räikkönen,Kimi-Matias Räikkönen,RAI,7,MALE,1979-10-17,76
531,Kunimitsu Takahashi,Kunimitsu,Takahashi,Kunimitsu Takahashi,TAK,,MALE,1940-01-29,113
532,Kurt Adolff,Kurt,Adolff,Kurt Adolff,ADO,,MALE,1921-11-05,84
533,"Kurt Ahrens, Jr.",Kurt,"Ahrens, Jr.",Kurt Karl-Heinrich Ahrens,AHR,,MALE,1940-04-19,84
534,Kurt Kuhnke,Kurt,Kuhnke,Kurt Kuhnke,KUH,,MALE,1910-04-30,84
535,Lamberto Leoni,Lamberto,Leoni,Lamberto Leoni,LEO,,MALE,1953-05-24,110
536,Lance Macklin,Lance,Macklin,Lance Noel Macklin,MAC,,MALE,1919-09-02,235
537,Lance Reventlow,Lance,Reventlow,Lawrence Graf von Haugwitz-Hardenberg-Reventlow,REV,,MALE,1936-02-24,237
538,Lance Stroll,Lance,Stroll,Lance Stroll,STR,18,MALE,1998-10-29,41
539,Lando Norris,Lando,Norris,Lando Norris,NOR,4,MALE,1999-11-13,235
540,Larry Crockett,Larry,Crockett,Larry Crockett,CRO,,MALE,1926-10-23,237
541,Larry Perkins,Larry,Perkins,Larry Clifton Perkins,PER,,MALE,1950-03-18,14
542,Lee Wallard,Lee,Wallard,Lee Wallard,WAL,,MALE,1910-09-07,237
543,Lella Lombardi,Lella,Lombardi,Maria Grazia Lombardi,LOM,,FEMALE,1941-03-26,110
544,Len Duncan,Len,Duncan,Len Duncan,DUN,,MALE,1911-07-25,237
545,Len Sutton,Len,Sutton,Len Sutton,SUT,,MALE,1925-08-09,237
546,Leo Kinnunen,Leo,Kinnunen,Leo Juhani Kinnunen,KIN,,MALE,1943-08-05,76
547,Les Leston,Les,Leston,Alfred Lazarus Fingleston,LES,,MALE,1920-12-16,235
548,Leslie Johnson,Leslie,Johnson,Leslie George Johnson,JOH,,MALE,1912-03-22,235
549,Leslie Marr,Leslie,Marr,Leslie Marr,MAR,,MALE,1922-08-14,235
550,Leslie Thorne,Leslie,Thorne,Leslie Thorne,THO,,MALE,1916-06-23,235
551,Lewis Hamilton,Lewis,Hamilton,Lewis Carl Davidson Hamilton,HAM,44,MALE,1985-01-07,235
552,Liam Lawson,Liam,Lawson,Liam Lawson,LAW,40,MALE,2002-02-11,157
553,Lloyd Ruby,Lloyd,Ruby,Lloyd Ruby,RUB,,MALE,1928-01-12,237
554,Logan Sargeant,Logan,Sargeant,Logan Hunter Sargeant,SAR,2,MALE,2000-12-31,237
555,Lorenzo Bandini,Lorenzo,Bandini,Lorenzo Bandini,BAN,,MALE,1935-12-21,110
556,Loris Kessel,Loris,Kessel,Loris Kessel,KES,,MALE,1950-04-01,217
557,Louis Chiron,Louis,Chiron,Louis Alexandre Chiron,CHI,,MALE,1899-08-03,145
558,Louis Rosier,Louis,Rosier,Louis Rosier,ROS,,MALE,1905-11-05,77
559,Luca Badoer,Luca,Badoer,Luca Badoer,BAD,,MALE,1971-01-25,110
560,Lucas di Grassi,Lucas,Di Grassi,Lucas Tucci di Grassi,DIG,,MALE,1984-08-11,32
561,Luciano Burti,Luciano,Burti,Luciano Pucci Burti,BUR,,MALE,1975-03-05,32
562,Lucien Bianchi,Lucien,Bianchi,Luciano Bianchi,BIA,,MALE,1934-11-10,22
563,Ludovico Scarfiotti,Ludovico,Scarfiotti,Ludovico Scarfiotti,SCA,,MALE,1933-10-18,110
564,Ludwig Fischer,Ludwig,Fischer,Ludwig Fischer,FIS,,MALE,1915-12-17,84
565,Luigi Fagioli,Luigi,Fagioli,Luigi Cristiano Fagioli,FAG,,MALE,1898-06-09,110
566,Luigi Musso,Luigi,Musso,Luigi Musso,MUS,,MALE,1924-07-28,110
567,Luigi Piotti,Luigi,Piotti,Luigi Piotti,PIO,,MALE,1913-10-27,110
568,Luigi Taramazzo,Luigi,Taramazzo,Luigi Taramazzo,TAR,,MALE,1932-05-05,110
569,Luigi Villoresi,Luigi,Villoresi,Luigi Villoresi,VIL,,MALE,1909-05-16,110
570,Luis Pérez-Sala,Luis,Pérez-Sala,Luis Pérez-Sala Valls-Taberner,PER,,MALE,1959-05-15,210
571,Luiz Bueno,Luiz,Bueno,Luiz Pereira Bueno,BUE,,MALE,1937-01-16,32
572,Luiz Razia,Luiz,Razia,Luiz Tadeu Razia Filho,RAZ,,MALE,1989-04-04,32
573,Luki Botha,Luki,Botha,Lukas Botha,BOT,,MALE,1930-01-16,206
574,Qing Hua Ma,Qing Hua,Ma,Qing Hua Ma,QIN,,MALE,1987-12-25,47
575,Mack Hellings,Mack,Hellings,Ronald Hellings,HEL,,MALE,1915-09-14,237
576,Manfred Winkelhock,Manfred,Winkelhock,Manfred Winkelhock,WIN,,MALE,1951-10-06,84
577,Manny Ayulo,Manny,Ayulo,Manuel Leaonedas Ayulo,AYU,,MALE,1921-10-20,237
578,Marc Gené,Marc,Gené,Marc Gené i Guerrero,GEN,,MALE,1974-03-29,210
579,Marc Surer,Marc,Surer,Marc Surer,SUR,,MALE,1951-09-18,217
580,Marcel Balsa,Marcel,Balsa,Marcel Lucien Balsa,BAL,,MALE,1909-01-01,77
581,Marco Apicella,Marco,Apicella,Marco Apicella,API,,MALE,1965-10-07,110
582,Marcus Ericsson,Marcus,Ericsson,Marcus Ericsson,ERI,,MALE,1990-09-02,216
583,Maria Teresa de Filippis,Maria Teresa,De Filippis,Maria Teresa de Filippis,DEF,,FEMALE,1926-11-11,110
584,Mario Andretti,Mario,Andretti,Mario Gabriele Andretti,AND,,MALE,1940-02-28,237
585,Mário de Araújo Cabral,Mário de Araújo,Cabral,Mário Veloso de Araújo Cabral,DEA,,MALE,1934-01-15,177
586,Mark Blundell,Mark,Blundell,Mark Blundell,BLU,,MALE,1966-04-08,235
587,Mark Donohue,Mark,Donohue,Mark Neary Donohue Jr.,DON,,MALE,1937-03-18,237
588,Mark Webber,Mark,Webber,Mark Alan Webber,WEB,,MALE,1976-08-27,14
589,Markus Winkelhock,Markus,Winkelhock,Markus Winkelhock,WIN,,MALE,1980-06-13,84
590,Marshall Teague,Marshall,Teague,Marshall Pleasant Teague,TEA,,MALE,1921-02-22,237
591,Martin Brundle,Martin,Brundle,Martin John Brundle,BRU,,MALE,1959-06-01,235
592,Martin Donnelly,Martin,Donnelly,Hugh Peter Martin Donnelly,DON,,MALE,1964-03-26,235
593,Masahiro Hasemi,Masahiro,Hasemi,Masahiro Hasemi,HAS,,MALE,1945-11-13,113
594,Masami Kuwashima,Masami,Kuwashima,Masami Kuwashima,KUW,,MALE,1950-09-14,113
595,Massimo Natili,Massimo,Natili,Massimo Natili,NAT,,MALE,1935-07-28,110
596,Masten Gregory,Masten,Gregory,Masten Gregory,GRE,,MALE,1932-02-29,237
597,Matteo Bobbi,Matteo,Bobbi,Matteo Bobbi,BOB,,MALE,1978-07-02,110
598,Mauri Rose,Mauri,Rose,Maurice Rose,ROS,,MALE,1906-05-26,237
599,Maurice Trintignant,Maurice,Trintignant,Maurice Bienvenu Jean Paul Trintignant,TRI,,MALE,1917-10-30,77
600,Maurício Gugelmin,Maurício,Gugelmin,Maurício Gugelmin,GUG,,MALE,1963-04-20,32
601,Mauro Baldi,Mauro,Baldi,Mauro Baldi,BAL,,MALE,1954-01-31,110
602,Max Chilton,Max,Chilton,Maximilian Alexander Chilton,CHI,,MALE,1991-04-21,235
603,Max de Terra,Max,De Terra,Max de Terra,DET,,MALE,1918-10-06,217
604,Max Jean,Max,Jean,Max Jean,JEA,,MALE,1943-07-27,77
605,Max Papis,Max,Papis,Massimiliano Papis,PAP,,MALE,1969-10-03,110
606,Max Verstappen,Max,Verstappen,Max Emilian Verstappen,VER,33,MALE,1997-09-30,155
607,Michael Ammermüller,Michael,Ammermüller,Michael Ammermüller,AMM,,MALE,1986-02-14,84
608,Michael Andretti,Michael,Andretti,Michael Mario Andretti,AND,,MALE,1962-10-05,237
609,Michael Bartels,Michael,Bartels,Michael Bartels,BAR,,MALE,1968-03-08,84
610,Michael Bleekemolen,Michael,Bleekemolen,Michael Bleekemolen,BLE,,MALE,1949-10-02,155
611,Michael May,Michael,May,Michael May,MAY,,MALE,1934-08-18,217
612,Michael Schumacher,Michael,Schumacher,Michael Schumacher,MSC,,MALE,1969-01-03,84
613,Michel Leclère,Michel,Leclère,Michel Leclère,LEC,,MALE,1946-03-18,77
614,Michele Alboreto,Michele,Alboreto,Michele Alboreto,ALB,,MALE,1956-12-23,110
615,Mick Schumacher,Mick,Schumacher,Mick Schumacher,MSC,47,MALE,1999-03-22,84
616,Miguel Ángel Guerra,Miguel Ángel,Guerra,Miguel Ángel Guerra,GUE,,MALE,1953-08-31,11
617,Mika Häkkinen,Mika,Häkkinen,Mika Pauli Häkkinen,HAK,,MALE,1968-09-28,76
618,Mika Salo,Mika,Salo,Mika Juhani Salo,SAL,,MALE,1966-11-30,76
619,Mike Beuttler,Mike,Beuttler,Michael Simon Brindley Bream Beuttler,BEU,,MALE,1940-04-13,235
620,Mike Fisher,Mike,Fisher,Michael J. Fisher,FIS,,MALE,1943-03-13,237
621,Mike Hailwood,Mike,Hailwood,Stanley Michael Bailey Hailwood,HAI,,MALE,1940-04-02,235
622,Mike Harris,Mike,Harris,Mike Harris,HAR,,MALE,1939-05-25,206
623,Mike Hawthorn,Mike,Hawthorn,John Michael Hawthorn,HAW,,MALE,1929-04-10,235
624,Mike MacDowel,Mike,MacDowel,Michael George Hartwell MacDowel,MAC,,MALE,1932-09-13,235
625,Mike Magill,Mike,Magill,Charles Michael Magill,MAG,,MALE,1920-02-08,237
626,Mike Nazaruk,Mike,Nazaruk,Mike Nazaruk,NAZ,,MALE,1921-10-02,237
627,Mike Parkes,Mike,Parkes,Michael Johnson Parkes,PAR,,MALE,1931-09-24,235
628,Mike Sparken,Mike,Sparken,Michel Poberejsky,SPA,,MALE,1930-06-16,77
629,Mike Spence,Mike,Spence,Michael Henderson Spence,SPE,,MALE,1936-12-30,235
630,Mike Taylor,Mike,Taylor,Mike Taylor,TAY,,MALE,1934-04-24,235
631,Mike Thackwell,Mike,Thackwell,Mike Thackwell,THA,,MALE,1961-03-30,157
632,Mike Wilds,Mike,Wilds,Mike Wilds,WIL,,MALE,1946-01-07,235
633,Mikko Kozarowitzky,Mikko,Kozarowitzky,Michael Kozarowitzky,KOZ,,MALE,1948-05-17,76
634,Moisés Solana,Moisés,Solana,Moisés Solana Arciniega,SOL,,MALE,1935-12-26,143
635,Myron Fohr,Myron,Fohr,Myron W. Fohr,FOH,,MALE,1912-06-17,237
636,Nanni Galli,Nanni,Galli,Giovanni Giuseppe Gilberto Galli,GAL,,MALE,1940-10-02,110
637,Naoki Hattori,Naoki,Hattori,Naoki Hattori,HAT,,MALE,1966-06-13,113
638,Naoki Yamamoto,Naoki,Yamamoto,Naoki Yamamoto,YAM,,MALE,1988-07-11,113
639,Narain Karthikeyan,Narain,Karthikeyan,Kumar Ram Narain Karthikeyan,KAR,,MALE,1977-01-14,103
640,Nasif Estéfano,Nasif,Estéfano,Nasif Moisés Estéfano,EST,,MALE,1932-11-18,11
641,Neel Jani,Neel,Jani,Neel Jani,JAN,,MALE,1983-12-08,217
642,Nello Pagani,Nello,Pagani,Cirillo Pagani,PAG,,MALE,1911-10-11,110
643,Nelson Piquet Jr.,Nelson,Piquet Jr.,Nelson Ângelo Tamsma Piquet Souto Maior,PIQ,,MALE,1985-07-25,32
644,Nelson Piquet,Nelson,Piquet,Nelson Piquet Souto Maior,PIQ,,MALE,1952-08-17,32
645,Neville Lederle,Neville,Lederle,Neville Lederle,LED,,MALE,1938-09-25,206
646,Nicholas Latifi,Nicholas,Latifi,Nicholas Latifi,LAT,6,MALE,1995-06-29,41
647,Nick Heidfeld,Nick,Heidfeld,Nick Lars Heidfeld,HEI,,MALE,1977-05-10,84
648,Nico Hülkenberg,Nico,Hülkenberg,Nicolas Hülkenberg,HUL,27,MALE,1987-08-19,84
649,Nico Rosberg,Nico,Rosberg,Nico Erik Rosberg,ROS,,MALE,1985-06-27,84
650,Nicola Larini,Nicola,Larini,Nicola Larini,LAR,,MALE,1964-03-19,110
651,Nicolas Kiesa,Nicolas,Kiesa,Nicolas Kiesa,KIE,,MALE,1978-03-03,60
652,Nigel Mansell,Nigel,Mansell,Nigel Ernest James Mansell,MAN,,MALE,1953-08-08,235
653,Niki Lauda,Niki,Lauda,Andreas Nikolaus Lauda,LAU,,MALE,1949-02-22,15
654,Nikita Mazepin,Nikita,Mazepin,Nikita Dmitryevich Mazepin,MAZ,9,MALE,1999-03-02,183
655,Nino Farina,Nino,Farina,Giuseppe Antonio Farina,FAR,,MALE,1906-10-30,110
656,Nino Vaccarella,Nino,Vaccarella,Nino Vaccarella,VAC,,MALE,1933-03-04,110
657,Norberto Fontana,Norberto,Fontana,Norberto Edgardo Fontana,FON,,MALE,1975-01-20,11
658,Noritake Takahara,Noritake,Takahara,Noritake Takahara,TAK,,MALE,1951-06-06,113
659,Nyck de Vries,Nyck,De Vries,Nyck de Vries,DEV,21,MALE,1995-02-06,155
660,Oliver Bearman,Oliver,Bearman,Oliver James Bearman,BEA,,MALE,2005-05-08,235
661,Olivier Beretta,Olivier,Beretta,Olivier Beretta,BER,,MALE,1969-11-23,145
662,Olivier Gendebien,Olivier,Gendebien,Olivier Gendebien,GEN,,MALE,1924-01-12,22
663,Olivier Grouillard,Olivier,Grouillard,Olivier Grouillard,GRO,,MALE,1958-09-02,77
664,Olivier Panis,Olivier,Panis,Olivier Panis,PAN,,MALE,1966-09-02,77
665,Onofre Marimón,Onofre,Marimón,Onofre Agustín Marimón,MAR,,MALE,1923-12-19,11
666,Oscar Alfredo Gálvez,Oscar Alfredo,Gálvez,Oscar Alfredo Gálvez,GAL,,MALE,1913-08-17,11
667,Óscar González,Óscar,González,Óscar Mario González,GON,,MALE,1923-11-10,239
668,Oscar Larrauri,Oscar,Larrauri,Oscar Rubén Larrauri,LAR,,MALE,1954-08-19,11
669,Oscar Piastri,Oscar,Piastri,Oscar Piastri,PIA,81,MALE,2001-04-06,14
670,Oswald Karch,Oswald,Karch,Oswald Karch,KAR,,MALE,1917-03-06,84
671,Otto Stuppacher,Otto,Stuppacher,Otto Stuppacher,STU,,MALE,1947-03-03,15
672,Ottorino Volonterio,Ottorino,Volonterio,Ottorino Volonterio,VOL,,MALE,1917-12-07,217
673,Pablo Birger,Pablo,Birger,Pablo Birger,BIR,,MALE,1924-01-07,11
674,Paco Godia,Paco,Godia,Francisco Godia Sales,GOD,,MALE,1921-03-21,210
675,Paddy Driver,Paddy,Driver,Paddy Driver,DRI,,MALE,1934-05-13,206
676,Paolo Barilla,Paolo,Barilla,Paolo Barilla,BAR,,MALE,1961-04-20,110
677,Pascal Fabre,Pascal,Fabre,Pascal Fabre,FAB,,MALE,1960-01-09,77
678,Pascal Wehrlein,Pascal,Wehrlein,Pascal Wehrlein,WEH,94,MALE,1994-10-18,84
679,Pastor Maldonado,Pastor,Maldonado,Pastor Rafael Maldonado Motta,MAL,13,MALE,1985-03-09,243
680,Pat Flaherty,Pat,Flaherty,"George Francis Flaherty, Jr.",FLA,,MALE,1926-01-06,237
681,Pat O'Connor,Pat,O'Connor,Pat O'Connor,O'C,,MALE,1928-10-09,237
682,Patricio O'Ward,Patricio,O'Ward,Patricio O'Ward Junco,OWA,,MALE,1999-05-06,143
683,Patrick Depailler,Patrick,Depailler,Patrick André Eugène Joseph Depailler,DEP,,MALE,1944-08-09,77
684,Patrick Friesacher,Patrick,Friesacher,Patrick Friesacher,FRI,,MALE,1980-09-26,15
685,Patrick Gaillard,Patrick,Gaillard,Patrick Gaillard,GAI,,MALE,1952-02-12,77
686,Patrick Nève,Patrick,Nève,Patrick Marie Ghislain Pierre Simon Stanislas Nève de Mévergnies,NEV,,MALE,1949-10-13,22
687,Patrick Tambay,Patrick,Tambay,Patrick Daniel Tambay,TAM,,MALE,1949-06-25,77
688,Paul Belmondo,Paul,Belmondo,Paul Alexandre Belmondo,BEL,,MALE,1963-04-23,77
689,Paul di Resta,Paul,Di Resta,Paul di Resta,DIR,,MALE,1986-04-16,235
690,Paul Emery,Paul,Emery,Paul Emery,EME,,MALE,1916-11-12,235
691,Paul England,Paul,England,Paul England,ENG,,MALE,1929-03-28,14
692,Paul Frère,Paul,Frère,Paul Frère,FRE,,MALE,1917-01-30,22
693,Paul Goldsmith,Paul,Goldsmith,Paul Goldsmith,GOL,,MALE,1925-10-02,237
694,Paul Hawkins,Paul,Hawkins,Robert Paul Hawkins,HAW,,MALE,1937-10-12,14
695,Paul Pietsch,Paul,Pietsch,Paul Pietsch,PIE,,MALE,1911-06-20,84
696,Paul Russo,Paul,Russo,Paul Russo,RUS,,MALE,1914-04-10,237
697,Pedro Chaves,Pedro,Chaves,Pedro António Matos Chaves,CHA,,MALE,1965-02-27,177
698,Pedro de la Rosa,Pedro,De la Rosa,Pedro Martínez de la Rosa,DLR,,MALE,1971-02-24,210
699,Pedro Diniz,Pedro,Diniz,Pedro Paulo Falleiros dos Santos Diniz,DIN,,MALE,1970-05-22,32
700,Pedro Lamy,Pedro,Lamy,José Pedro Mourão Lamy Viçoso,LAM,,MALE,1972-03-20,177
701,Pedro Rodríguez,Pedro,Rodríguez,Pedro Rodríguez de la Vega,ROD,,MALE,1940-01-18,143
702,Perry McCarthy,Perry,McCarthy,Perry McCarthy,MCC,,MALE,1961-03-03,235
703,Pete Lovely,Pete,Lovely,Gerard Carlton Lovely,LOV,,MALE,1926-04-11,237
704,Peter Arundell,Peter,Arundell,Peter Arundell,ARU,,MALE,1933-11-08,235
705,Peter Ashdown,Peter,Ashdown,Peter Hawthorn Ashdown,ASH,,MALE,1934-10-16,235
706,Peter Broeker,Peter,Broeker,Peter Broeker,BRO,,MALE,1926-05-15,41
707,Peter Collins,Peter,Collins,Peter John Collins,COL,,MALE,1931-11-06,235
708,Peter de Klerk,Peter,De Klerk,Peter de Klerk,DEK,,MALE,1935-03-16,206
709,Peter Gethin,Peter,Gethin,Peter Kenneth Gethin,GET,,MALE,1940-02-21,235
710,Peter Hirt,Peter,Hirt,Peter Hirt,HIR,,MALE,1910-03-30,217
711,Peter Revson,Peter,Revson,Peter Jeffrey Revson,REV,,MALE,1939-02-27,237
712,Peter Ryan,Peter,Ryan,Peter B. Ryan,RYA,,MALE,1940-06-10,41
713,Peter Walker,Peter,Walker,Peter Douglas Conyers Walker,WAL,,MALE,1912-10-07,235
714,Peter Westbury,Peter,Westbury,Peter Westbury,WES,,MALE,1938-05-26,235
715,Peter Whitehead,Peter,Whitehead,Peter Nield Whitehead,WHI,,MALE,1914-11-12,235
716,Phil Cade,Phil,Cade,Phil Cade,CAD,,MALE,1916-06-12,237
717,Phil Hill,Phil,Hill,"Philip Toll Hill, Jr.",HIL,,MALE,1927-04-20,237
718,Philip Fotheringham-Parker,Philip,Fotheringham-Parker,Philip Fotheringham-Parker,FOT,,MALE,1907-09-22,235
719,Philippe Adams,Philippe,Adams,Philippe Adams,ADA,,MALE,1969-11-19,22
720,Philippe Alliot,Philippe,Alliot,Philippe Alliot,ALL,,MALE,1954-07-27,77
721,Philippe Étancelin,Philippe,Étancelin,Philippe Étancelin,ETA,,MALE,1896-12-28,77
722,Philippe Streiff,Philippe,Streiff,Philippe Streiff,STR,,MALE,1955-06-26,77
723,Piercarlo Ghinzani,Piercarlo,Ghinzani,Piercarlo Ghinzani,GHI,,MALE,1952-01-16,110
724,Pierluigi Martini,Pierluigi,Martini,Pierluigi Martini,MAR,,MALE,1961-04-23,110
725,Piero Carini,Piero,Carini,Piero Carini,CAR,,MALE,1921-03-06,110
726,Piero Drogo,Piero,Drogo,Piero Drogo,DRO,,MALE,1926-08-08,110
727,Piero Dusio,Piero,Dusio,Piero Dusio,DUS,,MALE,1899-10-13,110
728,Piero Scotti,Piero,Scotti,Piero Scotti,SCO,,MALE,1909-11-11,110
729,Piero Taruffi,Piero,Taruffi,Piero Taruffi,TAR,,MALE,1906-10-12,110
730,Pierre Gasly,Pierre,Gasly,Pierre Gasly,GAS,10,MALE,1996-02-07,77
731,Pierre-Henri Raphanel,Pierre-Henri,Raphanel,Pierre-Henri Raphanel,RAP,,MALE,1961-05-27,77
732,Pierre Levegh,Pierre,Levegh,Pierre Eugène Alfred Bouillin,LEV,,MALE,1905-12-22,77
733,Piers Courage,Piers,Courage,Piers Raymond Courage,COU,,MALE,1942-05-27,235
734,Pietro Fittipaldi,Pietro,Fittipaldi,Pietro Fittipaldi da Cruz,FIT,,MALE,1996-06-25,32
735,Raffaele Marciello,Raffaele,Marciello,Raffaele Marciello,MAR,,MALE,1994-12-17,110
736,Ralf Schumacher,Ralf,Schumacher,Ralf Schumacher,RSC,,MALE,1975-06-30,84
737,Ralph Firman,Ralph,Firman,Ralph David Firman Jr.,FIR,,MALE,1975-05-20,107
738,Raul Boesel,Raul,Boesel,Raul de Mesquita Boesel,BOE,,MALE,1957-12-04,32
739,Ray Crawford,Ray,Crawford,Ray Crawford,CRA,,MALE,1915-10-26,237
740,Raymond Sommer,Raymond,Sommer,Raymond Sommer,SOM,,MALE,1906-08-31,77
741,Red Amick,Red,Amick,Richard Amick,AMI,,MALE,1929-01-19,237
742,Reg Parnell,Reg,Parnell,Reginald Parnell,PAR,,MALE,1911-07-02,235
743,Reine Wisell,Reine,Wisell,Reine Wisell,WIS,,MALE,1941-09-30,216
744,Renato Pirocchi,Renato,Pirocchi,Renato Pirocchi,PIR,,MALE,1933-03-26,110
745,René Arnoux,René,Arnoux,René Alexandre Arnoux,ARN,,MALE,1948-07-04,77
746,Renzo Zorzi,Renzo,Zorzi,Renzo Zorzi,ZOR,,MALE,1946-12-12,110
747,Ricardo Londoño,Ricardo,Londoño,Ricardo Londoño-Bridge,LON,,MALE,1949-08-08,50
748,Ricardo Rodríguez,Ricardo,Rodríguez,Ricardo Valentín Rodríguez de la Vega,ROD,,MALE,1942-02-14,143
749,Ricardo Rosset,Ricardo,Rosset,Ricardo Rosset,ROS,,MALE,1968-07-27,32
750,Ricardo Zonta,Ricardo,Zonta,Ricardo Luiz Zonta,ZON,,MALE,1976-03-23,32
751,Ricardo Zunino,Ricardo,Zunino,Ricardo Héctor Zunino,ZUN,,MALE,1949-04-13,11
752,Riccardo Paletti,Riccardo,Paletti,Riccardo Paletti,PAL,,MALE,1958-06-15,110
753,Riccardo Patrese,Riccardo,Patrese,Riccardo Gabriele Patrese,PAT,,MALE,1954-04-17,110
754,Richard Attwood,Richard,Attwood,Richard James David Attwood,ATT,,MALE,1940-04-04,235
755,Richard Robarts,Richard,Robarts,Richard Robarts,ROB,,MALE,1944-09-22,235
756,Richie Ginther,Richie,Ginther,Paul Richard Ginther,GIN,,MALE,1930-08-05,237
757,Rikky von Opel,Rikky,Von Opel,Frederick von Opel,VON,,MALE,1947-10-14,127
758,Rio Haryanto,Rio,Haryanto,Rio Haryanto,HAR,,MALE,1993-01-22,104
759,Rob Schroeder,Rob,Schroeder,Robert Schroeder,SCH,,MALE,1926-05-11,237
760,Robert Doornbos,Robert,Doornbos,Robert Michael Doornbos,DOO,,MALE,1981-09-23,155
761,Robert Kubica,Robert,Kubica,Robert Józef Kubica,KUB,88,MALE,1984-12-07,176
762,Robert La Caze,Robert,La Caze,Robert La Caze,LAC,,MALE,1917-02-26,149
763,Robert Manzon,Robert,Manzon,Robert Manzon,MAN,,MALE,1917-04-12,77
764,Robert O'Brien,Robert,O'Brien,Robert O'Brien,O'B,,MALE,1908-04-11,237
765,Robert Shwartzman,Robert,Shwartzman,Robert Mikhailovich Shwartzman,SHW,,MALE,1999-09-16,183
766,Robert Wickens,Robert,Wickens,Robert Tyler Wickens,WIC,,MALE,1989-03-13,41
767,Roberto Bonomi,Roberto,Bonomi,Roberto Wenceslao Bonomi Oliva,BON,,MALE,1919-09-30,11
768,Roberto Bussinello,Roberto,Bussinello,Roberto Bussinello,BUS,,MALE,1927-10-04,110
769,Roberto Guerrero,Roberto,Guerrero,Roberto José Guerrero Isaza,GUE,,MALE,1958-11-16,50
770,Roberto Lippi,Roberto,Lippi,Roberto Lippi,LIP,,MALE,1926-10-17,110
771,Roberto Merhi,Roberto,Merhi,Roberto Merhi Muntan,MER,98,MALE,1991-03-22,210
772,Roberto Mieres,Roberto,Mieres,Roberto Casimiro Mieres,MIE,,MALE,1924-12-03,11
773,Roberto Moreno,Roberto,Moreno,Roberto Pupo Moreno,MOR,,MALE,1959-02-11,32
774,Robin Frijns,Robin,Frijns,Robin Frijns,FRI,,MALE,1991-08-07,155
775,Robin Montgomerie-Charrington,Robin,Montgomerie-Charrington,Robert Victor Campbell Montgomerie,MON,,MALE,1915-06-23,235
776,Robin Widdows,Robin,Widdows,Robin Michael Widdows,WID,,MALE,1942-05-27,235
777,Rodger Ward,Rodger,Ward,Rodger M. Ward,WAR,,MALE,1921-01-10,237
778,Rodney Nuckey,Rodney,Nuckey,Rodney Nuckey,NUC,,MALE,1929-06-26,235
779,Rodolfo González,Rodolfo,González,Rodolfo González,GON,,MALE,1986-05-14,243
780,Roelof Wunderink,Roelof,Wunderink,Roelof Wunderink,WUN,,MALE,1948-12-12,155
781,Roger Laurent,Roger,Laurent,Roger Laurent,LAU,,MALE,1913-02-21,22
782,Roger Loyer,Roger,Loyer,Roger Loyer,LOY,,MALE,1907-08-05,77
783,Roger Penske,Roger,Penske,Roger S. Penske,PEN,,MALE,1937-02-20,237
784,Roger Williamson,Roger,Williamson,Roger Williamson,WIL,,MALE,1948-02-02,235
785,Roland Ratzenberger,Roland,Ratzenberger,Roland Ratzenberger,RAT,,MALE,1960-07-04,15
786,Rolf Stommelen,Rolf,Stommelen,Rolf Johann Stommelen,STO,,MALE,1943-07-11,84
787,Romain Grosjean,Romain,Grosjean,Romain Grosjean,GRO,8,MALE,1986-04-17,77
788,Ron Flockhart,Ron,Flockhart,Ron Flockhart,FLO,,MALE,1923-06-16,235
789,Ronnie Bucknum,Ronnie,Bucknum,Ronnie Bucknum,BUC,,MALE,1936-04-05,237
790,Ronnie Peterson,Ronnie,Peterson,Bengt Ronnie Peterson,PET,,MALE,1944-02-14,216
791,Roy Nissany,Roy,Nissany,Roy Nissany,NIS,,MALE,1994-11-30,109
792,Roy Salvadori,Roy,Salvadori,Roy Francesco Salvadori,SAL,,MALE,1922-05-12,235
793,Rubens Barrichello,Rubens,Barrichello,Rubens Gonçalves Barrichello,BAR,,MALE,1972-05-23,32
794,Rudi Fischer,Rudi,Fischer,Rudolf Fischer,FIS,,MALE,1912-04-19,217
795,Rudolf Krause,Rudolf,Krause,Rudolf Krause,KRA,,MALE,1907-03-30,84
796,Rudolf Schoeller,Rudolf,Schoeller,Rudolf Schoeller,SCH,,MALE,1902-04-27,217
797,Rupert Keegan,Rupert,Keegan,Rupert Keegan,KEE,,MALE,1955-02-26,235
798,Ryan Briscoe,Ryan,Briscoe,Ryan Briscoe,BRI,,MALE,1981-09-24,14
799,Sakon Yamamoto,Sakon,Yamamoto,Sakon Yamamoto,YAM,,MALE,1982-07-09,113
800,Sam Hanks,Sam,Hanks,Sam Hanks,HAN,,MALE,1914-07-13,237
801,Sam Posey,Sam,Posey,Sam Posey,POS,,MALE,1944-05-26,237
802,Sam Tingle,Sam,Tingle,Samuel Tingle,TIN,,MALE,1921-08-24,249
803,Satoru Nakajima,Satoru,Nakajima,Satoru Nakajima,NAK,,MALE,1953-02-23,113
804,Satoshi Motoyama,Satoshi,Motoyama,Satoshi Motoyama,MOT,,MALE,1971-03-04,113
805,Scott Speed,Scott,Speed,Scott Andrew Speed,SPE,,MALE,1983-01-24,237
806,Sean Gelael,Sean,Gelael,Muhammad Sean Ricardo Gelael,GEL,,MALE,1996-11-01,104
807,Sebastian Vettel,Sebastian,Vettel,Sebastian Vettel,VET,5,MALE,1987-07-03,84
808,Sébastien Bourdais,Sébastien,Bourdais,Sébastien Olivier Bourdais,BOU,,MALE,1979-02-28,77
809,Sébastien Buemi,Sébastien,Buemi,Sébastien Olivier Buemi,BUE,,MALE,1988-10-31,217
810,Sergey Sirotkin,Sergey,Sirotkin,Sergey Olegovich Sirotkin,SIR,35,MALE,1995-08-27,183
811,Sergio Mantovani,Sergio,Mantovani,Sergio Mantovani,MAN,,MALE,1929-05-22,110
812,Sergio Pérez,Sergio,Pérez,Sergio Pérez Mendoza,PER,11,MALE,1990-01-26,143
813,Shinji Nakano,Shinji,Nakano,Shinji Nakano,NAK,,MALE,1971-04-01,113
814,Shorty Templeman,Shorty,Templeman,Clark Thomas Templeman,TEM,,MALE,1919-08-12,237
815,Siegfried Stohr,Siegfried,Stohr,Siegfried Stohr,STO,,MALE,1952-10-10,110
816,Silvio Moser,Silvio,Moser,Silvio Moser,MOS,,MALE,1941-04-24,217
817,Skip Barber,Skip,Barber,John Barber III,BAR,,MALE,1936-11-16,237
818,Slim Borgudd,Slim,Borgudd,Karl Edward Tommy Borgudd,BOR,,MALE,1946-11-25,216
819,Spider Webb,Spider,Webb,Travis Webb,WEB,,MALE,1910-10-08,237
820,Stefan Bellof,Stefan,Bellof,Stefan Bellof,BEL,,MALE,1957-11-20,84
821,Stefan Johansson,Stefan,Johansson,Stefan Nils Edwin Johansson,JOH,,MALE,1956-09-08,216
822,Stefano Modena,Stefano,Modena,Stefano Modena,MOD,,MALE,1963-05-12,110
823,Stéphane Sarrazin,Stéphane,Sarrazin,Stéphane Jean-Marc Sarrazin,SAR,,MALE,1975-11-02,77
824,Stephen South,Stephen,South,Stephen South,SOU,,MALE,1952-02-19,235
825,Stirling Moss,Stirling,Moss,Sir Stirling Moss,MOS,,MALE,1929-09-17,235
826,Stoffel Vandoorne,Stoffel,Vandoorne,Stoffel Vandoorne,VAN,,MALE,1992-03-26,22
827,Stuart Lewis-Evans,Stuart,Lewis-Evans,Stuart Nigel Lewis-Evans,LEW,,MALE,1930-04-20,235
828,Susie Wolff,Susie,Wolff,Suzanne Wolff,WOL,,FEMALE,1982-12-06,235
829,Taki Inoue,Taki,Inoue,Takachiho Inoue,INO,,MALE,1963-09-05,113
830,Takuma Sato,Takuma,Sato,Takuma Sato,SAT,,MALE,1977-01-28,113
831,Tarso Marques,Tarso,Marques,Tarso Anibal Santanna Marques,MAR,,MALE,1976-01-19,32
832,Ted Whiteaway,Ted,Whiteaway,Edward N. Whiteaway,WHI,,MALE,1928-11-01,235
833,Teddy Pilette,Theodore,Pilette,Theodore Pilette,PIL,,MALE,1942-07-26,22
834,Teo Fabi,Teo,Fabi,Teodorico Fabi,FAB,,MALE,1955-03-09,110
835,Theo Fitzau,Theo,Fitzau,Theodor Fitzau,FIT,,MALE,1923-02-10,84
836,Theo Helfrich,Theo,Helfrich,Theodor Helfrich,HEL,,MALE,1913-05-13,84
837,Théo Pourchaire,Théo,Pourchaire,Théo Jérôme Julien Pourchaire,POU,,MALE,2003-08-20,77
838,Thierry Boutsen,Thierry,Boutsen,Thierry Marc Boutsen,BOU,,MALE,1957-07-13,22
839,Tiago Monteiro,Tiago,Monteiro,Tiago da Costa Monteiro,MON,,MALE,1976-07-24,177
840,Tiff Needell,Tiff,Needell,Timothy Needell,NEE,,MALE,1951-10-29,235
841,Tim Parnell,Tim,Parnell,Reginald Harold Haslam Parnell,PAR,,MALE,1932-06-25,235
842,Tim Schenken,Tim,Schenken,Timothy Theodore Schenken,SCH,,MALE,1943-09-26,14
843,Timmy Mayer,Timmy,Mayer,Timothy Andrew Mayer,MAY,,MALE,1938-02-22,237
844,Timo Glock,Timo,Glock,Timo Glock,GLO,,MALE,1982-03-18,84
845,Tom Belsø,Tom,Belsø,Tom Belsø,BEL,,MALE,1942-08-27,60
846,Tom Bridger,Tom,Bridger,Thomas Bridger,BRI,,MALE,1934-06-24,235
847,Tom Jones,Tom,Jones,Tom Jones,JON,,MALE,1943-04-26,237
848,Tom Pryce,Tom,Pryce,Thomas Maldwyn Pryce,PRY,,MALE,1949-06-11,235
849,Tomáš Enge,Tomáš,Enge,Tomáš Enge,ENG,,MALE,1976-09-11,58
850,Tommy Byrne,Tommy,Byrne,Thomas Byrne,BYR,,MALE,1958-05-06,107
851,Toni Branca,Toni,Branca,Antonio Branca,BRA,,MALE,1916-09-15,217
852,Toni Ulmen,Toni,Ulmen,Anton Ulmen,ULM,,MALE,1906-01-25,84
853,Tony Bettenhausen,Tony,Bettenhausen,Melvin Eugene Bettenhausen,BET,,MALE,1916-09-12,237
854,Tony Brise,Tony,Brise,Anthony William Brise,BRI,,MALE,1952-03-28,235
855,Tony Brooks,Tony,Brooks,Charles Anthony Standish Brooks,BRO,,MALE,1932-02-25,235
856,Tony Crook,Tony,Crook,Anthony Crook,CRO,,MALE,1920-02-16,235
857,Tony Gaze,Tony,Gaze,Frederick Anthony Owen Gaze,GAZ,,MALE,1920-02-03,14
858,Tony Maggs,Tony,Maggs,Anthony Francis O'Connell Maggs,MAG,,MALE,1937-02-09,206
859,Tony Marsh,Tony,Marsh,Anthony Ernest Marsh,MAR,,MALE,1931-07-20,235
860,Tony Rolt,Tony,Rolt,Anthony Peter Roylance Rolt,ROL,,MALE,1918-10-16,235
861,Tony Settember,Tony,Settember,Anthony Frank Settember,SET,,MALE,1926-07-10,237
862,Tony Shelly,Tony,Shelly,Anthony Lionel Shelly,SHE,,MALE,1937-02-02,157
863,Tony Trimmer,Tony,Trimmer,Tony Trimmer,TRI,,MALE,1943-01-24,235
864,Toranosuke Takagi,Toranosuke,Takagi,Toranosuke Takagi,TAK,,MALE,1974-02-12,113
865,Torsten Palm,Torsten,Palm,Torsten Palm,PAL,,MALE,1947-07-23,216
866,Toshio Suzuki,Toshio,Suzuki,Toshio Suzuki,SUZ,,MALE,1955-03-10,113
867,Trevor Blokdyk,Trevor,Blokdyk,John Trevor Blokdyk,BLO,,MALE,1935-11-30,206
868,Trevor Taylor,Trevor,Taylor,Trevor Taylor,TAY,,MALE,1936-12-26,235
869,Troy Ruttman,Troy,Ruttman,Troy Ruttman,RUT,,MALE,1930-03-11,237
870,Ukyo Katayama,Ukyo,Katayama,Ukyo Katayama,KAT,,MALE,1963-05-29,113
871,Umberto Maglioli,Umberto,Maglioli,Umberto Maglioli,MAG,,MALE,1928-06-05,110
872,Valtteri Bottas,Valtteri,Bottas,Valtteri Bottas,BOT,77,MALE,1989-08-28,76
873,Vern Schuppan,Vern,Schuppan,Vernon Schuppan,SCH,,MALE,1943-03-19,14
874,Vic Elford,Vic,Elford,Victor Henry Elford,ELF,,MALE,1935-06-10,235
875,Vic Wilson,Vic,Wilson,Vic Wilson,WIL,,MALE,1931-04-14,235
876,Vincenzo Sospiri,Vincenzo,Sospiri,Vincenzo Sospiri,SOS,,MALE,1966-10-09,110
877,Vitaly Petrov,Vitaly,Petrov,Vitaly Aleksandrovich Petrov,PET,,MALE,1984-09-08,183
878,Vitantonio Liuzzi,Vitantonio,Liuzzi,Vitantonio Liuzzi,LIU,,MALE,1980-08-06,110
879,Vittorio Brambilla,Vittorio,Brambilla,Vittorio Brambilla,BRA,,MALE,1937-11-11,110
880,Volker Weidler,Volker,Weidler,Volker Weidler,WEI,,MALE,1962-03-18,84
881,Walt Ader,Walt,Ader,Walt Ader,ADE,,MALE,1913-12-15,237
882,Walt Brown,Walt,Brown,Walt Brown,BRO,,MALE,1910-12-30,237
883,Walt Faulkner,Walt,Faulkner,Walt Faulkner,FAU,,MALE,1918-02-16,237
884,Walt Hansgen,Walt,Hansgen,Walter Edwin Hansgen,HAN,,MALE,1919-10-28,237
885,Warwick Brown,Warwick,Brown,Warwick Brown,BRO,,MALE,1949-12-24,14
886,Wayne Weiler,Wayne,Weiler,Wayne Weiler,WEI,,MALE,1934-12-09,237
887,Will Stevens,Will,Stevens,William Stevens,STE,,MALE,1991-06-28,235
888,Willi Heeks,Willi,Heeks,Willi Heeks,HEE,,MALE,1922-02-13,84
889,Willi Krakau,Willi,Krakau,Willi Krakau,KRA,,MALE,1911-12-04,84
890,William Ferguson,William,Ferguson,William Ferguson,FER,,MALE,1940-03-06,206
891,Willy Mairesse,Willy,Mairesse,Willy Mairesse,MAI,,MALE,1928-10-01,22
892,Wilson Fittipaldi,Wilson,Fittipaldi,Wilson Fittipaldi Júnior,FIT,,MALE,1943-12-25,32
893,Wolfgang Seidel,Wolfgang,Seidel,Wolfgang Seidel,SEI,,MALE,1926-07-04,84
894,Wolfgang von Trips,Wolfgang,Von Trips,Wolfgang Alexander Albert Eduard Maximilian Reichsgraf Berghe von Trips,VON,,MALE,1928-05-04,84
895,Xavier Perrot,Xavier,Perrot,Xavier Roger Perrot,PER,,MALE,1932-02-01,217
896,Yannick Dalmas,Yannick,Dalmas,Yannick Dalmas,DAL,,MALE,1961-07-28,77
897,Yuji Ide,Yuji,Ide,Yuji Ide,IDE,,MALE,1975-01-21,113
898,Yuki Tsunoda,Yuki,Tsunoda,Yuki Tsunoda,TSU,22,MALE,2000-05-11,113
899,Yves Giraud-Cabantous,Yves,Giraud-Cabantous,Marius Aristide Yves Giraud-Cabantous,CAB,,MALE,1904-10-08,77
900,Zak O'Sullivan,Zak,O'Sullivan,Zak O'Sullivan,OSU,,MALE,2005-02-06,235
901,Zsolt Baumgartner,Zsolt,Baumgartner,Zsolt Baumgartner,BAU,,MALE,1981-01-01,101
